,0,1,2,3,4,5,6,7,8,9,10,11,12,13,14,15,16,17,18,19,20,21,22,23,24,25,26,27,28,29,30,31,32,33,34,35
0,180.0,-90.0,-88.0,-90.0,-68.0,0.0,-87.0,-85.0,-93.0,-87.0,-88.0,-97.0,-1.0,6.123233995736766e-17,0.03489949670250108,6.123233995736766e-17,0.37460659341591196,1.0,0.052335956242943966,0.08715574274765814,-0.05233595624294362,0.052335956242943966,0.03489949670250108,-0.12186934340514737,1.2246467991473532e-16,-1.0,-0.9993908270190958,-1.0,-0.9271838545667874,0.0,-0.9986295347545738,-0.9961946980917455,-0.9986295347545738,-0.9986295347545738,-0.9993908270190958,-0.9925461516413221
1,-90.0,0.0,18.0,-90.0,-63.0,-27.0,-34.0,-22.0,-90.0,-92.0,-90.0,-92.0,6.123233995736766e-17,1.0,0.9510565162951535,6.123233995736766e-17,0.4539904997395468,0.8910065241883679,0.8290375725550417,0.9271838545667874,6.123233995736766e-17,-0.03489949670250073,6.123233995736766e-17,-0.03489949670250073,-1.0,0.0,0.3090169943749474,-1.0,-0.8910065241883678,-0.45399049973954675,-0.5591929034707469,-0.374606593415912,-1.0,-0.9993908270190958,-1.0,-0.9993908270190958
2,180.0,-90.0,-88.0,-90.0,-72.0,-90.0,-85.0,-84.0,-93.0,-88.0,-90.0,-97.0,-1.0,6.123233995736766e-17,0.03489949670250108,6.123233995736766e-17,0.30901699437494745,6.123233995736766e-17,0.08715574274765814,0.10452846326765346,-0.05233595624294362,0.03489949670250108,6.123233995736766e-17,-0.12186934340514737,1.2246467991473532e-16,-1.0,-0.9993908270190958,-1.0,-0.9510565162951535,-1.0,-0.9961946980917455,-0.9945218953682733,-0.9986295347545738,-0.9993908270190958,-1.0,-0.9925461516413221
3,135.0,-90.0,-88.0,-90.0,-76.0,-90.0,-85.0,-84.0,-93.0,-92.0,-92.0,-135.0,-0.7071067811865475,6.123233995736766e-17,0.03489949670250108,6.123233995736766e-17,0.2419218955996679,6.123233995736766e-17,0.08715574274765814,0.10452846326765346,-0.05233595624294362,-0.03489949670250073,-0.03489949670250073,-0.7071067811865475,0.7071067811865476,-1.0,-0.9993908270190958,-1.0,-0.9702957262759965,-1.0,-0.9961946980917455,-0.9945218953682733,-0.9986295347545738,-0.9993908270190958,-0.9993908270190958,-0.7071067811865476
4,180.0,-68.0,-88.0,-98.0,-72.0,-135.0,-87.0,-85.0,-93.0,-87.0,-90.0,-146.0,-1.0,0.37460659341591196,0.03489949670250108,-0.13917310096006535,0.30901699437494745,-0.7071067811865475,0.052335956242943966,0.08715574274765814,-0.05233595624294362,0.052335956242943966,6.123233995736766e-17,-0.8290375725550416,1.2246467991473532e-16,-0.9271838545667874,-0.9993908270190958,-0.9902680687415704,-0.9510565162951535,-0.7071067811865476,-0.9986295347545738,-0.9961946980917455,-0.9986295347545738,-0.9986295347545738,-1.0,-0.5591929034707469
5,180.0,-73.0,-88.0,-99.0,-56.0,0.0,-88.0,-84.0,-93.0,-88.0,-90.0,-96.0,-1.0,0.29237170472273677,0.03489949670250108,-0.15643446504023104,0.5591929034707468,1.0,0.03489949670250108,0.10452846326765346,-0.05233595624294362,0.03489949670250108,6.123233995736766e-17,-0.10452846326765333,1.2246467991473532e-16,-0.9563047559630354,-0.9993908270190958,-0.9876883405951377,-0.8290375725550417,0.0,-0.9993908270190958,-0.9945218953682733,-0.9986295347545738,-0.9993908270190958,-1.0,-0.9945218953682734
6,-135.0,-58.0,-90.0,-97.0,-53.0,-90.0,-85.0,-84.0,-95.0,-90.0,-88.0,180.0,-0.7071067811865475,0.5299192642332049,6.123233995736766e-17,-0.12186934340514737,0.6018150231520484,6.123233995736766e-17,0.08715574274765814,0.10452846326765346,-0.08715574274765824,6.123233995736766e-17,0.03489949670250108,-1.0,-0.7071067811865476,-0.8480480961564261,-1.0,-0.9925461516413221,-0.7986355100472928,-1.0,-0.9961946980917455,-0.9945218953682733,-0.9961946980917455,-1.0,-0.9993908270190958,1.2246467991473532e-16
7,180.0,-72.0,-88.0,-99.0,-63.0,-153.0,-87.0,-82.0,-96.0,-89.0,-88.0,80.0,-1.0,0.30901699437494745,0.03489949670250108,-0.15643446504023104,0.4539904997395468,-0.8910065241883678,0.052335956242943966,0.1391731009600657,-0.10452846326765333,0.017452406437283376,0.03489949670250108,0.17364817766693041,1.2246467991473532e-16,-0.9510565162951535,-0.9993908270190958,-0.9876883405951377,-0.8910065241883678,-0.45399049973954686,-0.9986295347545738,-0.9902680687415703,-0.9945218953682734,-0.9998476951563913,-0.9993908270190958,0.984807753012208
8,-135.0,-92.0,-90.0,-72.0,-56.0,0.0,-87.0,-85.0,-95.0,-88.0,-85.0,80.0,-0.7071067811865475,-0.03489949670250073,6.123233995736766e-17,0.30901699437494745,0.5591929034707468,1.0,0.052335956242943966,0.08715574274765814,-0.08715574274765824,0.03489949670250108,0.08715574274765814,0.17364817766693041,-0.7071067811865476,-0.9993908270190958,-1.0,-0.9510565162951535,-0.8290375725550417,0.0,-0.9986295347545738,-0.9961946980917455,-0.9961946980917455,-0.9993908270190958,-0.9961946980917455,0.984807753012208
9,180.0,-95.0,-88.0,-79.0,-68.0,-90.0,-88.0,-81.0,-96.0,-93.0,77.0,77.0,-1.0,-0.08715574274765824,0.03489949670250108,0.19080899537654492,0.37460659341591196,6.123233995736766e-17,0.03489949670250108,0.15643446504023092,-0.10452846326765333,-0.05233595624294362,0.22495105434386492,0.22495105434386492,1.2246467991473532e-16,-0.9961946980917455,-0.9993908270190958,-0.981627183447664,-0.9271838545667874,-1.0,-0.9993908270190958,-0.9876883405951378,-0.9945218953682734,-0.9986295347545738,0.9743700647852352,0.9743700647852352
10,180.0,-108.0,-105.0,-83.0,-76.0,0.0,-85.0,-81.0,-94.0,-91.0,-85.0,77.0,-1.0,-0.30901699437494734,-0.25881904510252085,0.12186934340514749,0.2419218955996679,1.0,0.08715574274765814,0.15643446504023092,-0.06975647374412533,-0.017452406437283477,0.08715574274765814,0.22495105434386492,1.2246467991473532e-16,-0.9510565162951536,-0.9659258262890683,-0.992546151641322,-0.9702957262759965,0.0,-0.9961946980917455,-0.9876883405951378,-0.9975640502598242,-0.9998476951563913,-0.9961946980917455,0.9743700647852352
11,0.0,-117.0,-121.0,-83.0,-79.0,-45.0,-81.0,-82.0,-94.0,-92.0,-88.0,72.0,1.0,-0.45399049973954675,-0.5150380749100543,0.12186934340514749,0.19080899537654492,0.7071067811865476,0.15643446504023092,0.1391731009600657,-0.06975647374412533,-0.03489949670250073,0.03489949670250108,0.30901699437494745,0.0,-0.8910065241883679,-0.8571673007021123,-0.992546151641322,-0.981627183447664,-0.7071067811865476,-0.9876883405951378,-0.9902680687415703,-0.9975640502598242,-0.9993908270190958,-0.9993908270190958,0.9510565162951535
12,180.0,-113.0,-111.0,-83.0,-79.0,180.0,-81.0,-81.0,-96.0,-92.0,66.0,72.0,-1.0,-0.3907311284892736,-0.35836794954530027,0.12186934340514749,0.19080899537654492,-1.0,0.15643446504023092,0.15643446504023092,-0.10452846326765333,-0.03489949670250073,0.4067366430758002,0.30901699437494745,1.2246467991473532e-16,-0.9205048534524404,-0.9335804264972017,-0.992546151641322,-0.981627183447664,1.2246467991473532e-16,-0.9876883405951378,-0.9876883405951378,-0.9945218953682734,-0.9993908270190958,0.9135454576426009,0.9510565162951535
13,0.0,-108.0,-107.0,135.0,90.0,-135.0,-80.0,-82.0,-94.0,-90.0,75.0,80.0,1.0,-0.30901699437494734,-0.29237170472273666,-0.7071067811865475,6.123233995736766e-17,-0.7071067811865475,0.17364817766693041,0.1391731009600657,-0.06975647374412533,6.123233995736766e-17,0.25881904510252074,0.17364817766693041,0.0,-0.9510565162951536,-0.9563047559630355,0.7071067811865476,1.0,-0.7071067811865476,-0.984807753012208,-0.9902680687415703,-0.9975640502598242,-1.0,0.9659258262890683,0.984807753012208
14,0.0,-108.0,-114.0,-78.0,-90.0,-56.0,-78.0,-77.0,-93.0,-96.0,81.0,85.0,1.0,-0.30901699437494734,-0.4067366430758001,0.20791169081775945,6.123233995736766e-17,0.5591929034707468,0.20791169081775945,0.22495105434386492,-0.05233595624294362,-0.10452846326765333,0.15643446504023092,0.08715574274765814,0.0,-0.9510565162951536,-0.913545457642601,-0.9781476007338056,-1.0,-0.8290375725550417,-0.9781476007338056,-0.9743700647852352,-0.9986295347545738,-0.9945218953682734,0.9876883405951378,0.9961946980917455
15,90.0,-108.0,-105.0,-80.0,-71.0,-72.0,-80.0,-79.0,-95.0,-95.0,66.0,68.0,6.123233995736766e-17,-0.30901699437494734,-0.25881904510252085,0.17364817766693041,0.32556815445715676,0.30901699437494745,0.17364817766693041,0.19080899537654492,-0.08715574274765824,-0.08715574274765824,0.4067366430758002,0.37460659341591196,1.0,-0.9510565162951536,-0.9659258262890683,-0.984807753012208,-0.9455185755993167,-0.9510565162951535,-0.984807753012208,-0.981627183447664,-0.9961946980917455,-0.9961946980917455,0.9135454576426009,0.9271838545667874
16,180.0,-74.0,-106.0,-99.0,-72.0,-72.0,-84.0,-77.0,-95.0,-96.0,-90.0,58.0,-1.0,0.27563735581699916,-0.27563735581699905,-0.15643446504023104,0.30901699437494745,0.30901699437494745,0.10452846326765346,0.22495105434386492,-0.08715574274765824,-0.10452846326765333,6.123233995736766e-17,0.5299192642332049,1.2246467991473532e-16,-0.9612616959383189,-0.9612616959383189,-0.9876883405951377,-0.9510565162951535,-0.9510565162951535,-0.9945218953682733,-0.9743700647852352,-0.9961946980917455,-0.9945218953682734,-1.0,0.8480480961564261
17,180.0,-104.0,-107.0,-85.0,-68.0,-67.0,-85.0,-79.0,-94.0,-95.0,58.0,60.0,-1.0,-0.24192189559966779,-0.29237170472273666,0.08715574274765814,0.37460659341591196,0.39073112848927394,0.08715574274765814,0.19080899537654492,-0.06975647374412533,-0.08715574274765824,0.5299192642332049,0.5000000000000001,1.2246467991473532e-16,-0.9702957262759965,-0.9563047559630355,-0.9961946980917455,-0.9271838545667874,-0.9205048534524403,-0.9961946980917455,-0.981627183447664,-0.9975640502598242,-0.9961946980917455,0.8480480961564261,0.8660254037844386
18,0.0,-113.0,-111.0,-82.0,-80.0,-18.0,-87.0,-82.0,-91.0,-90.0,53.0,169.0,1.0,-0.3907311284892736,-0.35836794954530027,0.1391731009600657,0.17364817766693041,0.9510565162951535,0.052335956242943966,0.1391731009600657,-0.017452406437283477,6.123233995736766e-17,0.6018150231520484,-0.981627183447664,0.0,-0.9205048534524404,-0.9335804264972017,-0.9902680687415703,-0.984807753012208,-0.3090169943749474,-0.9986295347545738,-0.9902680687415703,-0.9998476951563913,-1.0,0.7986355100472928,0.19080899537654497
19,-162.0,-83.0,-79.0,180.0,180.0,-45.0,-84.0,-77.0,-94.0,-93.0,45.0,58.0,-0.9510565162951535,0.12186934340514749,0.19080899537654492,-1.0,-1.0,0.7071067811865476,0.10452846326765346,0.22495105434386492,-0.06975647374412533,-0.05233595624294362,0.7071067811865476,0.5299192642332049,-0.3090169943749475,-0.992546151641322,-0.981627183447664,1.2246467991473532e-16,1.2246467991473532e-16,-0.7071067811865476,-0.9945218953682733,-0.9743700647852352,-0.9975640502598242,-0.9986295347545738,0.7071067811865476,0.8480480961564261
20,172.0,-92.0,-108.0,153.0,-54.0,-166.0,-90.0,-82.0,-98.0,-88.0,-96.0,-111.0,-0.9902680687415703,-0.03489949670250073,-0.30901699437494734,-0.8910065241883678,0.5877852522924731,-0.9702957262759965,6.123233995736766e-17,0.1391731009600657,-0.13917310096006535,0.03489949670250108,-0.10452846326765333,-0.35836794954530027,0.13917310096006574,-0.9993908270190958,-0.9510565162951536,0.45399049973954686,-0.8090169943749475,-0.24192189559966773,-1.0,-0.9902680687415703,-0.9902680687415704,-0.9993908270190958,-0.9945218953682734,-0.9335804264972017
21,172.0,-88.0,-117.0,180.0,114.0,171.0,-96.0,-84.0,-97.0,-94.0,-92.0,-90.0,-0.9902680687415703,0.03489949670250108,-0.45399049973954675,-1.0,-0.4067366430758001,-0.9876883405951377,-0.10452846326765333,0.10452846326765346,-0.12186934340514737,-0.06975647374412533,-0.03489949670250073,6.123233995736766e-17,0.13917310096006574,-0.9993908270190958,-0.8910065241883679,1.2246467991473532e-16,0.913545457642601,0.15643446504023098,-0.9945218953682734,-0.9945218953682733,-0.9925461516413221,-0.9975640502598242,-0.9993908270190958,-1.0
22,174.0,-84.0,-114.0,-97.0,-54.0,166.0,-98.0,-82.0,-98.0,-90.0,-92.0,-97.0,-0.9945218953682733,0.10452846326765346,-0.4067366430758001,-0.12186934340514737,0.5877852522924731,-0.9702957262759965,-0.13917310096006535,0.1391731009600657,-0.13917310096006535,6.123233995736766e-17,-0.03489949670250073,-0.12186934340514737,0.10452846326765373,-0.9945218953682733,-0.913545457642601,-0.9925461516413221,-0.8090169943749475,0.24192189559966773,-0.9902680687415704,-0.9902680687415703,-0.9902680687415704,-1.0,-0.9993908270190958,-0.9925461516413221
23,174.0,-76.0,-103.0,-99.0,-75.0,180.0,-99.0,-83.0,-96.0,-84.0,-105.0,-90.0,-0.9945218953682733,0.2419218955996679,-0.2249510543438648,-0.15643446504023104,0.25881904510252074,-1.0,-0.15643446504023104,0.12186934340514749,-0.10452846326765333,0.10452846326765346,-0.25881904510252085,6.123233995736766e-17,0.10452846326765373,-0.9702957262759965,-0.9743700647852352,-0.9876883405951377,-0.9659258262890683,1.2246467991473532e-16,-0.9876883405951377,-0.992546151641322,-0.9945218953682734,-0.9945218953682733,-0.9659258262890683,-1.0
24,174.0,-69.0,-96.0,-90.0,-105.0,-174.0,-97.0,-82.0,-99.0,-86.0,-100.0,-95.0,-0.9945218953682733,0.3583679495453004,-0.10452846326765333,6.123233995736766e-17,-0.25881904510252085,-0.9945218953682733,-0.12186934340514737,0.1391731009600657,-0.15643446504023104,0.06975647374412546,-0.1736481776669303,-0.08715574274765824,0.10452846326765373,-0.9335804264972017,-0.9945218953682734,-1.0,-0.9659258262890683,-0.10452846326765373,-0.9925461516413221,-0.9902680687415703,-0.9876883405951377,-0.9975640502598242,-0.984807753012208,-0.9961946980917455
25,177.0,-80.0,-101.0,-90.0,-98.0,-174.0,-103.0,-82.0,-94.0,-83.0,-107.0,-90.0,-0.9986295347545738,0.17364817766693041,-0.1908089953765448,6.123233995736766e-17,-0.13917310096006535,-0.9945218953682733,-0.2249510543438648,0.1391731009600657,-0.06975647374412533,0.12186934340514749,-0.29237170472273666,6.123233995736766e-17,0.05233595624294381,-0.984807753012208,-0.981627183447664,-1.0,-0.9902680687415704,-0.10452846326765373,-0.9743700647852352,-0.9902680687415703,-0.9975640502598242,-0.992546151641322,-0.9563047559630355,-1.0
26,180.0,-81.0,-96.0,-90.0,-90.0,180.0,-101.0,-84.0,-97.0,-83.0,-104.0,-93.0,-1.0,0.15643446504023092,-0.10452846326765333,6.123233995736766e-17,6.123233995736766e-17,-1.0,-0.1908089953765448,0.10452846326765346,-0.12186934340514737,0.12186934340514749,-0.24192189559966779,-0.05233595624294362,1.2246467991473532e-16,-0.9876883405951378,-0.9945218953682734,-1.0,-1.0,1.2246467991473532e-16,-0.981627183447664,-0.9945218953682733,-0.9925461516413221,-0.992546151641322,-0.9702957262759965,-0.9986295347545738
27,170.0,-82.0,-110.0,-94.0,-85.0,146.0,-98.0,-85.0,-99.0,-96.0,-103.0,-93.0,-0.984807753012208,0.1391731009600657,-0.3420201433256687,-0.06975647374412533,0.08715574274765814,-0.8290375725550416,-0.13917310096006535,0.08715574274765814,-0.15643446504023104,-0.10452846326765333,-0.2249510543438648,-0.05233595624294362,0.17364817766693028,-0.9902680687415703,-0.9396926207859084,-0.9975640502598242,-0.9961946980917455,0.5591929034707469,-0.9902680687415704,-0.9961946980917455,-0.9876883405951377,-0.9945218953682734,-0.9743700647852352,-0.9986295347545738
28,166.0,-113.0,-108.0,-96.0,-83.0,143.0,-96.0,-84.0,-99.0,-94.0,-109.0,-93.0,-0.9702957262759965,-0.3907311284892736,-0.30901699437494734,-0.10452846326765333,0.12186934340514749,-0.7986355100472929,-0.10452846326765333,0.10452846326765346,-0.15643446504023104,-0.06975647374412533,-0.3255681544571564,-0.05233595624294362,0.24192189559966773,-0.9205048534524404,-0.9510565162951536,-0.9945218953682734,-0.992546151641322,0.6018150231520482,-0.9945218953682734,-0.9945218953682733,-0.9876883405951377,-0.9975640502598242,-0.9455185755993168,-0.9986295347545738
29,169.0,-118.0,-112.0,-93.0,-82.0,180.0,-97.0,-87.0,-100.0,-94.0,-104.0,-93.0,-0.981627183447664,-0.46947156278589053,-0.37460659341591207,-0.05233595624294362,0.1391731009600657,-1.0,-0.12186934340514737,0.052335956242943966,-0.1736481776669303,-0.06975647374412533,-0.24192189559966779,-0.05233595624294362,0.19080899537654497,-0.8829475928589271,-0.9271838545667874,-0.9986295347545738,-0.9902680687415703,1.2246467991473532e-16,-0.9925461516413221,-0.9986295347545738,-0.984807753012208,-0.9975640502598242,-0.9702957262759965,-0.9986295347545738
30,163.0,-122.0,-113.0,-90.0,-83.0,153.0,-97.0,-87.0,-101.0,-94.0,-106.0,-93.0,-0.9563047559630354,-0.5299192642332048,-0.3907311284892736,6.123233995736766e-17,0.12186934340514749,-0.8910065241883678,-0.12186934340514737,0.052335956242943966,-0.1908089953765448,-0.06975647374412533,-0.27563735581699905,-0.05233595624294362,0.29237170472273705,-0.8480480961564261,-0.9205048534524404,-1.0,-0.992546151641322,0.45399049973954686,-0.9925461516413221,-0.9986295347545738,-0.981627183447664,-0.9975640502598242,-0.9612616959383189,-0.9986295347545738
31,171.0,-122.0,-112.0,-108.0,-96.0,180.0,-101.0,-87.0,-98.0,-92.0,-108.0,-90.0,-0.9876883405951377,-0.5299192642332048,-0.37460659341591207,-0.30901699437494734,-0.10452846326765333,-1.0,-0.1908089953765448,0.052335956242943966,-0.13917310096006535,-0.03489949670250073,-0.30901699437494734,6.123233995736766e-17,0.15643446504023098,-0.8480480961564261,-0.9271838545667874,-0.9510565162951536,-0.9945218953682734,1.2246467991473532e-16,-0.981627183447664,-0.9986295347545738,-0.9902680687415704,-0.9993908270190958,-0.9510565162951536,-1.0
32,171.0,-122.0,-113.0,-108.0,-90.0,180.0,-101.0,-87.0,-99.0,-90.0,-108.0,-90.0,-0.9876883405951377,-0.5299192642332048,-0.3907311284892736,-0.30901699437494734,6.123233995736766e-17,-1.0,-0.1908089953765448,0.052335956242943966,-0.15643446504023104,6.123233995736766e-17,-0.30901699437494734,6.123233995736766e-17,0.15643446504023098,-0.8480480961564261,-0.9205048534524404,-0.9510565162951536,-1.0,1.2246467991473532e-16,-0.981627183447664,-0.9986295347545738,-0.9876883405951377,-1.0,-0.9510565162951536,-1.0
33,172.0,-118.0,-113.0,-111.0,-84.0,180.0,-101.0,-85.0,-99.0,-90.0,-107.0,-93.0,-0.9902680687415703,-0.46947156278589053,-0.3907311284892736,-0.35836794954530027,0.10452846326765346,-1.0,-0.1908089953765448,0.08715574274765814,-0.15643446504023104,6.123233995736766e-17,-0.29237170472273666,-0.05233595624294362,0.13917310096006574,-0.8829475928589271,-0.9205048534524404,-0.9335804264972017,-0.9945218953682733,1.2246467991473532e-16,-0.981627183447664,-0.9961946980917455,-0.9876883405951377,-1.0,-0.9563047559630355,-0.9986295347545738
34,171.0,-119.0,-114.0,-104.0,-84.0,180.0,-99.0,-85.0,-99.0,-90.0,-106.0,-90.0,-0.9876883405951377,-0.484809620246337,-0.4067366430758001,-0.24192189559966779,0.10452846326765346,-1.0,-0.15643446504023104,0.08715574274765814,-0.15643446504023104,6.123233995736766e-17,-0.27563735581699905,6.123233995736766e-17,0.15643446504023098,-0.8746197071393959,-0.913545457642601,-0.9702957262759965,-0.9945218953682733,1.2246467991473532e-16,-0.9876883405951377,-0.9961946980917455,-0.9876883405951377,-1.0,-0.9612616959383189,-1.0
35,169.0,-119.0,-111.0,-108.0,-85.0,180.0,-101.0,-83.0,-97.0,-90.0,-110.0,-88.0,-0.981627183447664,-0.484809620246337,-0.35836794954530027,-0.30901699437494734,0.08715574274765814,-1.0,-0.1908089953765448,0.12186934340514749,-0.12186934340514737,6.123233995736766e-17,-0.3420201433256687,0.03489949670250108,0.19080899537654497,-0.8746197071393959,-0.9335804264972017,-0.9510565162951536,-0.9961946980917455,1.2246467991473532e-16,-0.981627183447664,-0.992546151641322,-0.9925461516413221,-1.0,-0.9396926207859084,-0.9993908270190958
36,166.0,-119.0,-110.0,-107.0,-90.0,180.0,-97.0,-83.0,-99.0,-90.0,-106.0,-90.0,-0.9702957262759965,-0.484809620246337,-0.3420201433256687,-0.29237170472273666,6.123233995736766e-17,-1.0,-0.12186934340514737,0.12186934340514749,-0.15643446504023104,6.123233995736766e-17,-0.27563735581699905,6.123233995736766e-17,0.24192189559966773,-0.8746197071393959,-0.9396926207859084,-0.9563047559630355,-1.0,1.2246467991473532e-16,-0.9925461516413221,-0.992546151641322,-0.9876883405951377,-1.0,-0.9612616959383189,-1.0
37,171.0,-119.0,-110.0,-107.0,-90.0,180.0,-97.0,-81.0,-99.0,-92.0,-105.0,-90.0,-0.9876883405951377,-0.484809620246337,-0.3420201433256687,-0.29237170472273666,6.123233995736766e-17,-1.0,-0.12186934340514737,0.15643446504023092,-0.15643446504023104,-0.03489949670250073,-0.25881904510252085,6.123233995736766e-17,0.15643446504023098,-0.8746197071393959,-0.9396926207859084,-0.9563047559630355,-1.0,1.2246467991473532e-16,-0.9925461516413221,-0.9876883405951378,-0.9876883405951377,-0.9993908270190958,-0.9659258262890683,-1.0
38,166.0,-119.0,-110.0,-107.0,-90.0,166.0,-98.0,-83.0,-99.0,-90.0,-107.0,-90.0,-0.9702957262759965,-0.484809620246337,-0.3420201433256687,-0.29237170472273666,6.123233995736766e-17,-0.9702957262759965,-0.13917310096006535,0.12186934340514749,-0.15643446504023104,6.123233995736766e-17,-0.29237170472273666,6.123233995736766e-17,0.24192189559966773,-0.8746197071393959,-0.9396926207859084,-0.9563047559630355,-1.0,0.24192189559966773,-0.9902680687415704,-0.992546151641322,-0.9876883405951377,-1.0,-0.9563047559630355,-1.0
39,167.0,-118.0,-107.0,-108.0,-95.0,180.0,-97.0,-82.0,-99.0,-90.0,-108.0,-90.0,-0.9743700647852352,-0.46947156278589053,-0.29237170472273666,-0.30901699437494734,-0.08715574274765824,-1.0,-0.12186934340514737,0.1391731009600657,-0.15643446504023104,6.123233995736766e-17,-0.30901699437494734,6.123233995736766e-17,0.22495105434386478,-0.8829475928589271,-0.9563047559630355,-0.9510565162951536,-0.9961946980917455,1.2246467991473532e-16,-0.9925461516413221,-0.9902680687415703,-0.9876883405951377,-1.0,-0.9510565162951536,-1.0
40,167.0,-121.0,-108.0,-88.0,-90.0,153.0,-97.0,-82.0,-101.0,-94.0,-107.0,-90.0,-0.9743700647852352,-0.5150380749100543,-0.30901699437494734,0.03489949670250108,6.123233995736766e-17,-0.8910065241883678,-0.12186934340514737,0.1391731009600657,-0.1908089953765448,-0.06975647374412533,-0.29237170472273666,6.123233995736766e-17,0.22495105434386478,-0.8571673007021123,-0.9510565162951536,-0.9993908270190958,-1.0,0.45399049973954686,-0.9925461516413221,-0.9902680687415703,-0.981627183447664,-0.9975640502598242,-0.9563047559630355,-1.0
41,167.0,-119.0,-108.0,-92.0,-84.0,143.0,-97.0,-82.0,-101.0,-94.0,-107.0,-93.0,-0.9743700647852352,-0.484809620246337,-0.30901699437494734,-0.03489949670250073,0.10452846326765346,-0.7986355100472929,-0.12186934340514737,0.1391731009600657,-0.1908089953765448,-0.06975647374412533,-0.29237170472273666,-0.05233595624294362,0.22495105434386478,-0.8746197071393959,-0.9510565162951536,-0.9993908270190958,-0.9945218953682733,0.6018150231520482,-0.9925461516413221,-0.9902680687415703,-0.981627183447664,-0.9975640502598242,-0.9563047559630355,-0.9986295347545738
42,172.0,-85.0,-106.0,-116.0,-82.0,180.0,-99.0,-83.0,-100.0,-92.0,-103.0,-90.0,-0.9902680687415703,0.08715574274765814,-0.27563735581699905,-0.4383711467890775,0.1391731009600657,-1.0,-0.15643446504023104,0.12186934340514749,-0.1736481776669303,-0.03489949670250073,-0.2249510543438648,6.123233995736766e-17,0.13917310096006574,-0.9961946980917455,-0.9612616959383189,-0.8987940462991669,-0.9902680687415703,1.2246467991473532e-16,-0.9876883405951377,-0.992546151641322,-0.984807753012208,-0.9993908270190958,-0.9743700647852352,-1.0
43,169.0,-85.0,-108.0,-118.0,-90.0,162.0,-98.0,-84.0,-102.0,-92.0,-106.0,-90.0,-0.981627183447664,0.08715574274765814,-0.30901699437494734,-0.46947156278589053,6.123233995736766e-17,-0.9510565162951535,-0.13917310096006535,0.10452846326765346,-0.20791169081775912,-0.03489949670250073,-0.27563735581699905,6.123233995736766e-17,0.19080899537654497,-0.9961946980917455,-0.9510565162951536,-0.8829475928589271,-1.0,0.3090169943749475,-0.9902680687415704,-0.9945218953682733,-0.9781476007338057,-0.9993908270190958,-0.9612616959383189,-1.0
44,168.0,-87.0,-113.0,-90.0,-90.0,158.0,-99.0,-85.0,-101.0,-92.0,-101.0,-95.0,-0.9781476007338057,0.052335956242943966,-0.3907311284892736,6.123233995736766e-17,6.123233995736766e-17,-0.9271838545667873,-0.15643446504023104,0.08715574274765814,-0.1908089953765448,-0.03489949670250073,-0.1908089953765448,-0.08715574274765824,0.20791169081775931,-0.9986295347545738,-0.9205048534524404,-1.0,-1.0,0.37460659341591224,-0.9876883405951377,-0.9961946980917455,-0.981627183447664,-0.9993908270190958,-0.981627183447664,-0.9961946980917455
45,164.0,-126.0,-128.0,-113.0,-83.0,135.0,-98.0,-82.0,-102.0,-94.0,-105.0,-93.0,-0.9612616959383187,-0.587785252292473,-0.6156614753256583,-0.3907311284892736,0.12186934340514749,-0.7071067811865475,-0.13917310096006535,0.1391731009600657,-0.20791169081775912,-0.06975647374412533,-0.25881904510252085,-0.05233595624294362,0.27563735581699966,-0.8090169943749475,-0.788010753606722,-0.9205048534524404,-0.992546151641322,0.7071067811865476,-0.9902680687415704,-0.9902680687415703,-0.9781476007338057,-0.9975640502598242,-0.9659258262890683,-0.9986295347545738
46,170.0,-121.0,-123.0,-108.0,-76.0,162.0,-98.0,-81.0,-106.0,-86.0,-103.0,-93.0,-0.984807753012208,-0.5150380749100543,-0.5446390350150271,-0.30901699437494734,0.2419218955996679,-0.9510565162951535,-0.13917310096006535,0.15643446504023092,-0.27563735581699905,0.06975647374412546,-0.2249510543438648,-0.05233595624294362,0.17364817766693028,-0.8571673007021123,-0.838670567945424,-0.9510565162951536,-0.9702957262759965,0.3090169943749475,-0.9902680687415704,-0.9876883405951378,-0.9612616959383189,-0.9975640502598242,-0.9743700647852352,-0.9986295347545738
47,90.0,-128.0,-85.0,-106.0,-82.0,-18.0,-98.0,-93.0,-101.0,-99.0,-105.0,-98.0,6.123233995736766e-17,-0.6156614753256583,0.08715574274765814,-0.27563735581699905,0.1391731009600657,0.9510565162951535,-0.13917310096006535,-0.05233595624294362,-0.1908089953765448,-0.15643446504023104,-0.25881904510252085,-0.13917310096006535,1.0,-0.788010753606722,-0.9961946980917455,-0.9612616959383189,-0.9902680687415703,-0.3090169943749474,-0.9902680687415704,-0.9986295347545738,-0.981627183447664,-0.9876883405951377,-0.9659258262890683,-0.9902680687415704
48,172.0,-79.0,-96.0,-90.0,-94.0,166.0,-101.0,-79.0,-99.0,-82.0,-107.0,-93.0,-0.9902680687415703,0.19080899537654492,-0.10452846326765333,6.123233995736766e-17,-0.06975647374412533,-0.9702957262759965,-0.1908089953765448,0.19080899537654492,-0.15643446504023104,0.1391731009600657,-0.29237170472273666,-0.05233595624294362,0.13917310096006574,-0.981627183447664,-0.9945218953682734,-1.0,-0.9975640502598242,0.24192189559966773,-0.981627183447664,-0.981627183447664,-0.9876883405951377,-0.9902680687415703,-0.9563047559630355,-0.9986295347545738
49,174.0,-77.0,-96.0,-86.0,-90.0,173.0,-102.0,-82.0,-97.0,-86.0,-106.0,-95.0,-0.9945218953682733,0.22495105434386492,-0.10452846326765333,0.06975647374412546,6.123233995736766e-17,-0.992546151641322,-0.20791169081775912,0.1391731009600657,-0.12186934340514737,0.06975647374412546,-0.27563735581699905,-0.08715574274765824,0.10452846326765373,-0.9743700647852352,-0.9945218953682734,-0.9975640502598242,-1.0,0.12186934340514755,-0.9781476007338057,-0.9902680687415703,-0.9925461516413221,-0.9975640502598242,-0.9612616959383189,-0.9961946980917455
50,177.0,-79.0,-45.0,-81.0,-86.0,171.0,-98.0,-74.0,-101.0,-84.0,-104.0,-92.0,-0.9986295347545738,0.19080899537654492,0.7071067811865476,0.15643446504023092,0.06975647374412546,-0.9876883405951377,-0.13917310096006535,0.27563735581699916,-0.1908089953765448,0.10452846326765346,-0.24192189559966779,-0.03489949670250073,0.05233595624294381,-0.981627183447664,-0.7071067811865476,-0.9876883405951378,-0.9975640502598242,0.15643446504023098,-0.9902680687415704,-0.9612616959383189,-0.981627183447664,-0.9945218953682733,-0.9702957262759965,-0.9993908270190958
51,177.0,-75.0,-87.0,-82.0,-81.0,180.0,-98.0,-79.0,-98.0,-86.0,-103.0,-85.0,-0.9986295347545738,0.25881904510252074,0.052335956242943966,0.1391731009600657,0.15643446504023092,-1.0,-0.13917310096006535,0.19080899537654492,-0.13917310096006535,0.06975647374412546,-0.2249510543438648,0.08715574274765814,0.05233595624294381,-0.9659258262890683,-0.9986295347545738,-0.9902680687415703,-0.9876883405951378,1.2246467991473532e-16,-0.9902680687415704,-0.981627183447664,-0.9902680687415704,-0.9975640502598242,-0.9743700647852352,-0.9961946980917455
52,174.0,-76.0,-84.0,-86.0,-85.0,173.0,-99.0,-81.0,-98.0,-86.0,-95.0,-90.0,-0.9945218953682733,0.2419218955996679,0.10452846326765346,0.06975647374412546,0.08715574274765814,-0.992546151641322,-0.15643446504023104,0.15643446504023092,-0.13917310096006535,0.06975647374412546,-0.08715574274765824,6.123233995736766e-17,0.10452846326765373,-0.9702957262759965,-0.9945218953682733,-0.9975640502598242,-0.9961946980917455,0.12186934340514755,-0.9876883405951377,-0.9876883405951378,-0.9902680687415704,-0.9975640502598242,-0.9961946980917455,-1.0
53,174.0,-79.0,-105.0,-87.0,-48.0,180.0,-95.0,-81.0,-92.0,-86.0,-108.0,-86.0,-0.9945218953682733,0.19080899537654492,-0.25881904510252085,0.052335956242943966,0.6691306063588582,-1.0,-0.08715574274765824,0.15643446504023092,-0.03489949670250073,0.06975647374412546,-0.30901699437494734,0.06975647374412546,0.10452846326765373,-0.981627183447664,-0.9659258262890683,-0.9986295347545738,-0.7431448254773941,1.2246467991473532e-16,-0.9961946980917455,-0.9876883405951378,-0.9993908270190958,-0.9975640502598242,-0.9510565162951536,-0.9975640502598242
54,169.0,-79.0,-107.0,-102.0,-45.0,162.0,-96.0,-81.0,-96.0,-88.0,-94.0,-88.0,-0.981627183447664,0.19080899537654492,-0.29237170472273666,-0.20791169081775912,0.7071067811865476,-0.9510565162951535,-0.10452846326765333,0.15643446504023092,-0.10452846326765333,0.03489949670250108,-0.06975647374412533,0.03489949670250108,0.19080899537654497,-0.981627183447664,-0.9563047559630355,-0.9781476007338057,-0.7071067811865476,0.3090169943749475,-0.9945218953682734,-0.9876883405951378,-0.9945218953682734,-0.9993908270190958,-0.9975640502598242,-0.9993908270190958
55,169.0,-82.0,-107.0,-106.0,-53.0,169.0,-97.0,-79.0,-94.0,-86.0,-100.0,-101.0,-0.981627183447664,0.1391731009600657,-0.29237170472273666,-0.27563735581699905,0.6018150231520484,-0.981627183447664,-0.12186934340514737,0.19080899537654492,-0.06975647374412533,0.06975647374412546,-0.1736481776669303,-0.1908089953765448,0.19080899537654497,-0.9902680687415703,-0.9563047559630355,-0.9612616959383189,-0.7986355100472928,0.19080899537654497,-0.9925461516413221,-0.981627183447664,-0.9975640502598242,-0.9975640502598242,-0.984807753012208,-0.981627183447664
56,169.0,-105.0,-105.0,-71.0,-61.0,117.0,-93.0,-80.0,-94.0,-88.0,-94.0,-110.0,-0.981627183447664,-0.25881904510252085,-0.25881904510252085,0.32556815445715676,0.4848096202463371,-0.45399049973954675,-0.05233595624294362,0.17364817766693041,-0.06975647374412533,0.03489949670250108,-0.06975647374412533,-0.3420201433256687,0.19080899537654497,-0.9659258262890683,-0.9659258262890683,-0.9455185755993167,-0.8746197071393957,0.8910065241883679,-0.9986295347545738,-0.984807753012208,-0.9975640502598242,-0.9993908270190958,-0.9975640502598242,-0.9396926207859084
57,174.0,-83.0,-102.0,-93.0,-54.0,135.0,-93.0,-81.0,-94.0,-90.0,-94.0,-103.0,-0.9945218953682733,0.12186934340514749,-0.20791169081775912,-0.05233595624294362,0.5877852522924731,-0.7071067811865475,-0.05233595624294362,0.15643446504023092,-0.06975647374412533,6.123233995736766e-17,-0.06975647374412533,-0.2249510543438648,0.10452846326765373,-0.992546151641322,-0.9781476007338057,-0.9986295347545738,-0.8090169943749475,0.7071067811865476,-0.9986295347545738,-0.9876883405951378,-0.9975640502598242,-1.0,-0.9975640502598242,-0.9743700647852352
58,180.0,-85.0,-101.0,-93.0,-58.0,146.0,-93.0,-82.0,-99.0,-92.0,-104.0,-110.0,-1.0,0.08715574274765814,-0.1908089953765448,-0.05233595624294362,0.5299192642332049,-0.8290375725550416,-0.05233595624294362,0.1391731009600657,-0.15643446504023104,-0.03489949670250073,-0.24192189559966779,-0.3420201433256687,1.2246467991473532e-16,-0.9961946980917455,-0.981627183447664,-0.9986295347545738,-0.8480480961564261,0.5591929034707469,-0.9986295347545738,-0.9902680687415703,-0.9876883405951377,-0.9993908270190958,-0.9702957262759965,-0.9396926207859084
59,174.0,-87.0,-101.0,-90.0,-73.0,-169.0,-89.0,-83.0,-105.0,-92.0,-99.0,-105.0,-0.9945218953682733,0.052335956242943966,-0.1908089953765448,6.123233995736766e-17,0.29237170472273677,-0.981627183447664,0.017452406437283376,0.12186934340514749,-0.25881904510252085,-0.03489949670250073,-0.15643446504023104,-0.25881904510252085,0.10452846326765373,-0.9986295347545738,-0.981627183447664,-1.0,-0.9563047559630354,-0.19080899537654497,-0.9998476951563913,-0.992546151641322,-0.9659258262890683,-0.9993908270190958,-0.9876883405951377,-0.9659258262890683
60,180.0,-84.0,-77.0,-104.0,-107.0,146.0,-80.0,-80.0,-107.0,-99.0,-96.0,-107.0,-1.0,0.10452846326765346,0.22495105434386492,-0.24192189559966779,-0.29237170472273666,-0.8290375725550416,0.17364817766693041,0.17364817766693041,-0.29237170472273666,-0.15643446504023104,-0.10452846326765333,-0.29237170472273666,1.2246467991473532e-16,-0.9945218953682733,-0.9743700647852352,-0.9702957262759965,-0.9563047559630355,0.5591929034707469,-0.984807753012208,-0.984807753012208,-0.9563047559630355,-0.9876883405951377,-0.9945218953682734,-0.9563047559630355
61,175.0,-88.0,-107.0,-104.0,-58.0,146.0,-91.0,-79.0,-101.0,-93.0,-92.0,-94.0,-0.9961946980917455,0.03489949670250108,-0.29237170472273666,-0.24192189559966779,0.5299192642332049,-0.8290375725550416,-0.017452406437283477,0.19080899537654492,-0.1908089953765448,-0.05233595624294362,-0.03489949670250073,-0.06975647374412533,0.08715574274765864,-0.9993908270190958,-0.9563047559630355,-0.9702957262759965,-0.8480480961564261,0.5591929034707469,-0.9998476951563913,-0.981627183447664,-0.981627183447664,-0.9986295347545738,-0.9993908270190958,-0.9975640502598242
62,180.0,-88.0,-79.0,-108.0,-63.0,180.0,-93.0,-78.0,-99.0,-92.0,-92.0,-94.0,-1.0,0.03489949670250108,0.19080899537654492,-0.30901699437494734,0.4539904997395468,-1.0,-0.05233595624294362,0.20791169081775945,-0.15643446504023104,-0.03489949670250073,-0.03489949670250073,-0.06975647374412533,1.2246467991473532e-16,-0.9993908270190958,-0.981627183447664,-0.9510565162951536,-0.8910065241883678,1.2246467991473532e-16,-0.9986295347545738,-0.9781476007338056,-0.9876883405951377,-0.9993908270190958,-0.9993908270190958,-0.9975640502598242
63,-166.0,-82.0,-75.0,119.0,166.0,-90.0,-84.0,-78.0,-96.0,-91.0,-92.0,-97.0,-0.9702957262759965,0.1391731009600657,0.25881904510252074,-0.484809620246337,-0.9702957262759965,6.123233995736766e-17,0.10452846326765346,0.20791169081775945,-0.10452846326765333,-0.017452406437283477,-0.03489949670250073,-0.12186934340514737,-0.24192189559966773,-0.9902680687415703,-0.9659258262890683,0.8746197071393959,0.24192189559966773,-1.0,-0.9945218953682733,-0.9781476007338056,-0.9945218953682734,-0.9998476951563913,-0.9993908270190958,-0.9925461516413221
64,-171.0,-84.0,-75.0,-143.0,-127.0,-45.0,-87.0,-77.0,-93.0,-93.0,-95.0,-97.0,-0.9876883405951377,0.10452846326765346,0.25881904510252074,-0.7986355100472929,-0.6018150231520484,0.7071067811865476,0.052335956242943966,0.22495105434386492,-0.05233595624294362,-0.05233595624294362,-0.08715574274765824,-0.12186934340514737,-0.15643446504023098,-0.9945218953682733,-0.9659258262890683,-0.6018150231520482,-0.7986355100472927,-0.7071067811865476,-0.9986295347545738,-0.9743700647852352,-0.9986295347545738,-0.9986295347545738,-0.9961946980917455,-0.9925461516413221
65,180.0,-83.0,-87.0,-153.0,68.0,0.0,-87.0,-79.0,-93.0,-92.0,-92.0,-101.0,-1.0,0.12186934340514749,0.052335956242943966,-0.8910065241883678,0.37460659341591196,1.0,0.052335956242943966,0.19080899537654492,-0.05233595624294362,-0.03489949670250073,-0.03489949670250073,-0.1908089953765448,1.2246467991473532e-16,-0.992546151641322,-0.9986295347545738,-0.45399049973954686,0.9271838545667874,0.0,-0.9986295347545738,-0.981627183447664,-0.9986295347545738,-0.9993908270190958,-0.9993908270190958,-0.981627183447664
66,0.0,-76.0,-73.0,-153.0,-140.0,-34.0,-84.0,-81.0,-94.0,-90.0,-87.0,-104.0,1.0,0.2419218955996679,0.29237170472273677,-0.8910065241883678,-0.7660444431189779,0.8290375725550417,0.10452846326765346,0.15643446504023092,-0.06975647374412533,6.123233995736766e-17,0.052335956242943966,-0.24192189559966779,0.0,-0.9702957262759965,-0.9563047559630354,-0.45399049973954686,-0.6427876096865395,-0.5591929034707469,-0.9945218953682733,-0.9876883405951378,-0.9975640502598242,-1.0,-0.9986295347545738,-0.9702957262759965
67,135.0,-79.0,-76.0,-129.0,-106.0,-18.0,-85.0,-80.0,-93.0,-90.0,-90.0,-103.0,-0.7071067811865475,0.19080899537654492,0.2419218955996679,-0.6293203910498373,-0.27563735581699905,0.9510565162951535,0.08715574274765814,0.17364817766693041,-0.05233595624294362,6.123233995736766e-17,6.123233995736766e-17,-0.2249510543438648,0.7071067811865476,-0.981627183447664,-0.9702957262759965,-0.777145961456971,-0.9612616959383189,-0.3090169943749474,-0.9961946980917455,-0.984807753012208,-0.9986295347545738,-1.0,-1.0,-0.9743700647852352
68,45.0,-76.0,-73.0,-146.0,-141.0,-27.0,-83.0,-82.0,-93.0,-88.0,90.0,166.0,0.7071067811865476,0.2419218955996679,0.29237170472273677,-0.8290375725550416,-0.7771459614569707,0.8910065241883679,0.12186934340514749,0.1391731009600657,-0.05233595624294362,0.03489949670250108,6.123233995736766e-17,-0.9702957262759965,0.7071067811865476,-0.9702957262759965,-0.9563047559630354,-0.5591929034707469,-0.6293203910498377,-0.45399049973954675,-0.992546151641322,-0.9902680687415703,-0.9986295347545738,-0.9993908270190958,1.0,0.24192189559966773
69,45.0,-77.0,-76.0,-135.0,114.0,0.0,-83.0,-80.0,-92.0,-88.0,-92.0,-103.0,0.7071067811865476,0.22495105434386492,0.2419218955996679,-0.7071067811865475,-0.4067366430758001,1.0,0.12186934340514749,0.17364817766693041,-0.03489949670250073,0.03489949670250108,-0.03489949670250073,-0.2249510543438648,0.7071067811865476,-0.9743700647852352,-0.9702957262759965,-0.7071067811865476,0.913545457642601,0.0,-0.992546151641322,-0.984807753012208,-0.9993908270190958,-0.9993908270190958,-0.9993908270190958,-0.9743700647852352
70,135.0,-82.0,-79.0,-135.0,108.0,-27.0,-85.0,-81.0,-93.0,-90.0,-92.0,-141.0,-0.7071067811865475,0.1391731009600657,0.19080899537654492,-0.7071067811865475,-0.30901699437494734,0.8910065241883679,0.08715574274765814,0.15643446504023092,-0.05233595624294362,6.123233995736766e-17,-0.03489949670250073,-0.7771459614569707,0.7071067811865476,-0.9902680687415703,-0.981627183447664,-0.7071067811865476,0.9510565162951536,-0.45399049973954675,-0.9961946980917455,-0.9876883405951378,-0.9986295347545738,-1.0,-0.9993908270190958,-0.6293203910498377
71,135.0,-84.0,-83.0,-144.0,106.0,-18.0,-87.0,-81.0,-93.0,-92.0,-94.0,-135.0,-0.7071067811865475,0.10452846326765346,0.12186934340514749,-0.8090169943749473,-0.27563735581699905,0.9510565162951535,0.052335956242943966,0.15643446504023092,-0.05233595624294362,-0.03489949670250073,-0.06975647374412533,-0.7071067811865475,0.7071067811865476,-0.9945218953682733,-0.992546151641322,-0.5877852522924732,0.9612616959383189,-0.3090169943749474,-0.9986295347545738,-0.9876883405951378,-0.9986295347545738,-0.9993908270190958,-0.9975640502598242,-0.7071067811865476
72,135.0,-86.0,-85.0,-146.0,108.0,-18.0,-87.0,-81.0,-93.0,-92.0,-92.0,-98.0,-0.7071067811865475,0.06975647374412546,0.08715574274765814,-0.8290375725550416,-0.30901699437494734,0.9510565162951535,0.052335956242943966,0.15643446504023092,-0.05233595624294362,-0.03489949670250073,-0.03489949670250073,-0.13917310096006535,0.7071067811865476,-0.9975640502598242,-0.9961946980917455,-0.5591929034707469,0.9510565162951536,-0.3090169943749474,-0.9986295347545738,-0.9876883405951378,-0.9986295347545738,-0.9993908270190958,-0.9993908270190958,-0.9902680687415704
73,135.0,-84.0,-84.0,-157.0,108.0,0.0,-87.0,-82.0,-93.0,-90.0,-92.0,-98.0,-0.7071067811865475,0.10452846326765346,0.10452846326765346,-0.9205048534524402,-0.30901699437494734,1.0,0.052335956242943966,0.1391731009600657,-0.05233595624294362,6.123233995736766e-17,-0.03489949670250073,-0.13917310096006535,0.7071067811865476,-0.9945218953682733,-0.9945218953682733,-0.39073112848927416,0.9510565162951536,0.0,-0.9986295347545738,-0.9902680687415703,-0.9986295347545738,-1.0,-0.9993908270190958,-0.9902680687415704
74,0.0,-86.0,-86.0,-140.0,104.0,-27.0,-87.0,-84.0,-93.0,-90.0,-92.0,-119.0,1.0,0.06975647374412546,0.06975647374412546,-0.7660444431189779,-0.24192189559966779,0.8910065241883679,0.052335956242943966,0.10452846326765346,-0.05233595624294362,6.123233995736766e-17,-0.03489949670250073,-0.484809620246337,0.0,-0.9975640502598242,-0.9975640502598242,-0.6427876096865395,0.9702957262759965,-0.45399049973954675,-0.9986295347545738,-0.9945218953682733,-0.9986295347545738,-1.0,-0.9993908270190958,-0.8746197071393959
75,135.0,-86.0,-104.0,-135.0,90.0,-18.0,-87.0,-81.0,-93.0,-92.0,-92.0,-98.0,-0.7071067811865475,0.06975647374412546,-0.24192189559966779,-0.7071067811865475,6.123233995736766e-17,0.9510565162951535,0.052335956242943966,0.15643446504023092,-0.05233595624294362,-0.03489949670250073,-0.03489949670250073,-0.13917310096006535,0.7071067811865476,-0.9975640502598242,-0.9702957262759965,-0.7071067811865476,1.0,-0.3090169943749474,-0.9986295347545738,-0.9876883405951378,-0.9986295347545738,-0.9993908270190958,-0.9993908270190958,-0.9902680687415704
76,180.0,-86.0,-107.0,-130.0,90.0,-18.0,-87.0,-81.0,-93.0,-92.0,-92.0,-98.0,-1.0,0.06975647374412546,-0.29237170472273666,-0.6427876096865394,6.123233995736766e-17,0.9510565162951535,0.052335956242943966,0.15643446504023092,-0.05233595624294362,-0.03489949670250073,-0.03489949670250073,-0.13917310096006535,1.2246467991473532e-16,-0.9975640502598242,-0.9563047559630355,-0.766044443118978,1.0,-0.3090169943749474,-0.9986295347545738,-0.9876883405951378,-0.9986295347545738,-0.9993908270190958,-0.9993908270190958,-0.9902680687415704
77,90.0,-84.0,-108.0,-135.0,81.0,-27.0,-85.0,-82.0,-95.0,-88.0,-92.0,-100.0,6.123233995736766e-17,0.10452846326765346,-0.30901699437494734,-0.7071067811865475,0.15643446504023092,0.8910065241883679,0.08715574274765814,0.1391731009600657,-0.08715574274765824,0.03489949670250108,-0.03489949670250073,-0.1736481776669303,1.0,-0.9945218953682733,-0.9510565162951536,-0.7071067811865476,0.9876883405951378,-0.45399049973954675,-0.9961946980917455,-0.9902680687415703,-0.9961946980917455,-0.9993908270190958,-0.9993908270190958,-0.984807753012208
78,0.0,-80.0,-111.0,-146.0,79.0,0.0,-85.0,-82.0,-93.0,-88.0,-92.0,-101.0,1.0,0.17364817766693041,-0.35836794954530027,-0.8290375725550416,0.19080899537654492,1.0,0.08715574274765814,0.1391731009600657,-0.05233595624294362,0.03489949670250108,-0.03489949670250073,-0.1908089953765448,0.0,-0.984807753012208,-0.9335804264972017,-0.5591929034707469,0.981627183447664,0.0,-0.9961946980917455,-0.9902680687415703,-0.9986295347545738,-0.9993908270190958,-0.9993908270190958,-0.981627183447664
79,27.0,-77.0,-80.0,-149.0,-108.0,-14.0,-85.0,-82.0,-92.0,-90.0,-90.0,-130.0,0.8910065241883679,0.22495105434386492,0.17364817766693041,-0.8571673007021122,-0.30901699437494734,0.9702957262759965,0.08715574274765814,0.1391731009600657,-0.03489949670250073,6.123233995736766e-17,6.123233995736766e-17,-0.6427876096865394,0.45399049973954675,-0.9743700647852352,-0.984807753012208,-0.5150380749100544,-0.9510565162951536,-0.24192189559966773,-0.9961946980917455,-0.9902680687415703,-0.9993908270190958,-1.0,-1.0,-0.766044443118978
80,180.0,-86.0,-112.0,-108.0,74.0,-45.0,-85.0,-83.0,-93.0,-92.0,-94.0,-96.0,-1.0,0.06975647374412546,-0.37460659341591207,-0.30901699437494734,0.27563735581699916,0.7071067811865476,0.08715574274765814,0.12186934340514749,-0.05233595624294362,-0.03489949670250073,-0.06975647374412533,-0.10452846326765333,1.2246467991473532e-16,-0.9975640502598242,-0.9271838545667874,-0.9510565162951536,0.9612616959383189,-0.7071067811865476,-0.9961946980917455,-0.992546151641322,-0.9986295347545738,-0.9993908270190958,-0.9975640502598242,-0.9945218953682734
81,180.0,-88.0,-86.0,-101.0,99.0,-45.0,-87.0,-83.0,-95.0,-92.0,-90.0,-94.0,-1.0,0.03489949670250108,0.06975647374412546,-0.1908089953765448,-0.15643446504023104,0.7071067811865476,0.052335956242943966,0.12186934340514749,-0.08715574274765824,-0.03489949670250073,6.123233995736766e-17,-0.06975647374412533,1.2246467991473532e-16,-0.9993908270190958,-0.9975640502598242,-0.981627183447664,0.9876883405951377,-0.7071067811865476,-0.9986295347545738,-0.992546151641322,-0.9961946980917455,-0.9993908270190958,-1.0,-0.9975640502598242
82,0.0,-84.0,-84.0,-112.0,101.0,0.0,-87.0,-82.0,-93.0,-90.0,-90.0,-99.0,1.0,0.10452846326765346,0.10452846326765346,-0.37460659341591207,-0.1908089953765448,1.0,0.052335956242943966,0.1391731009600657,-0.05233595624294362,6.123233995736766e-17,6.123233995736766e-17,-0.15643446504023104,0.0,-0.9945218953682733,-0.9945218953682733,-0.9271838545667874,0.981627183447664,0.0,-0.9986295347545738,-0.9902680687415703,-0.9986295347545738,-1.0,-1.0,-0.9876883405951377
83,180.0,-84.0,-82.0,-108.0,102.0,-18.0,-87.0,-81.0,-93.0,-92.0,-90.0,-97.0,-1.0,0.10452846326765346,0.1391731009600657,-0.30901699437494734,-0.20791169081775912,0.9510565162951535,0.052335956242943966,0.15643446504023092,-0.05233595624294362,-0.03489949670250073,6.123233995736766e-17,-0.12186934340514737,1.2246467991473532e-16,-0.9945218953682733,-0.9902680687415703,-0.9510565162951536,0.9781476007338057,-0.3090169943749474,-0.9986295347545738,-0.9876883405951378,-0.9986295347545738,-0.9993908270190958,-1.0,-0.9925461516413221
84,0.0,-83.0,-81.0,-146.0,-135.0,-18.0,-87.0,-82.0,-92.0,-90.0,-90.0,-96.0,1.0,0.12186934340514749,0.15643446504023092,-0.8290375725550416,-0.7071067811865475,0.9510565162951535,0.052335956242943966,0.1391731009600657,-0.03489949670250073,6.123233995736766e-17,6.123233995736766e-17,-0.10452846326765333,0.0,-0.992546151641322,-0.9876883405951378,-0.5591929034707469,-0.7071067811865476,-0.3090169943749474,-0.9986295347545738,-0.9902680687415703,-0.9993908270190958,-1.0,-1.0,-0.9945218953682734
85,135.0,-84.0,-83.0,-162.0,-135.0,-27.0,-88.0,-84.0,-92.0,-88.0,-90.0,-97.0,-0.7071067811865475,0.10452846326765346,0.12186934340514749,-0.9510565162951535,-0.7071067811865475,0.8910065241883679,0.03489949670250108,0.10452846326765346,-0.03489949670250073,0.03489949670250108,6.123233995736766e-17,-0.12186934340514737,0.7071067811865476,-0.9945218953682733,-0.992546151641322,-0.3090169943749475,-0.7071067811865476,-0.45399049973954675,-0.9993908270190958,-0.9945218953682733,-0.9993908270190958,-0.9993908270190958,-1.0,-0.9925461516413221
86,180.0,-101.0,-85.0,-124.0,-117.0,-27.0,-99.0,-81.0,-93.0,-92.0,-94.0,-96.0,-1.0,-0.1908089953765448,0.08715574274765814,-0.5591929034707467,-0.45399049973954675,0.8910065241883679,-0.15643446504023104,0.15643446504023092,-0.05233595624294362,-0.03489949670250073,-0.06975647374412533,-0.10452846326765333,1.2246467991473532e-16,-0.981627183447664,-0.9961946980917455,-0.8290375725550417,-0.8910065241883679,-0.45399049973954675,-0.9876883405951377,-0.9876883405951378,-0.9986295347545738,-0.9993908270190958,-0.9975640502598242,-0.9945218953682734
87,-175.0,-85.0,-84.0,-113.0,-104.0,-27.0,-101.0,-79.0,-93.0,-90.0,-92.0,-98.0,-0.9961946980917455,0.08715574274765814,0.10452846326765346,-0.3907311284892736,-0.24192189559966779,0.8910065241883679,-0.1908089953765448,0.19080899537654492,-0.05233595624294362,6.123233995736766e-17,-0.03489949670250073,-0.13917310096006535,-0.08715574274765864,-0.9961946980917455,-0.9945218953682733,-0.9205048534524404,-0.9702957262759965,-0.45399049973954675,-0.981627183447664,-0.981627183447664,-0.9986295347545738,-1.0,-0.9993908270190958,-0.9902680687415704
88,172.0,-61.0,-84.0,-108.0,-90.0,-45.0,-92.0,-80.0,-95.0,-90.0,-92.0,-98.0,-0.9902680687415703,0.4848096202463371,0.10452846326765346,-0.30901699437494734,6.123233995736766e-17,0.7071067811865476,-0.03489949670250073,0.17364817766693041,-0.08715574274765824,6.123233995736766e-17,-0.03489949670250073,-0.13917310096006535,0.13917310096006574,-0.8746197071393957,-0.9945218953682733,-0.9510565162951536,-1.0,-0.7071067811865476,-0.9993908270190958,-0.984807753012208,-0.9961946980917455,-1.0,-0.9993908270190958,-0.9902680687415704
89,180.0,-94.0,-82.0,-104.0,-108.0,-27.0,-93.0,-79.0,-92.0,-90.0,-95.0,-99.0,-1.0,-0.06975647374412533,0.1391731009600657,-0.24192189559966779,-0.30901699437494734,0.8910065241883679,-0.05233595624294362,0.19080899537654492,-0.03489949670250073,6.123233995736766e-17,-0.08715574274765824,-0.15643446504023104,1.2246467991473532e-16,-0.9975640502598242,-0.9902680687415703,-0.9702957262759965,-0.9510565162951536,-0.45399049973954675,-0.9986295347545738,-0.981627183447664,-0.9993908270190958,-1.0,-0.9961946980917455,-0.9876883405951377
90,180.0,-56.0,-107.0,-107.0,-77.0,-18.0,-90.0,-79.0,-95.0,-90.0,-88.0,-99.0,-1.0,0.5591929034707468,-0.29237170472273666,-0.29237170472273666,0.22495105434386492,0.9510565162951535,6.123233995736766e-17,0.19080899537654492,-0.08715574274765824,6.123233995736766e-17,0.03489949670250108,-0.15643446504023104,1.2246467991473532e-16,-0.8290375725550417,-0.9563047559630355,-0.9563047559630355,-0.9743700647852352,-0.3090169943749474,-1.0,-0.981627183447664,-0.9961946980917455,-1.0,-0.9993908270190958,-0.9876883405951377
91,180.0,-56.0,-108.0,-107.0,90.0,0.0,-90.0,-79.0,-94.0,-91.0,-88.0,-95.0,-1.0,0.5591929034707468,-0.30901699437494734,-0.29237170472273666,6.123233995736766e-17,1.0,6.123233995736766e-17,0.19080899537654492,-0.06975647374412533,-0.017452406437283477,0.03489949670250108,-0.08715574274765824,1.2246467991473532e-16,-0.8290375725550417,-0.9510565162951536,-0.9563047559630355,1.0,0.0,-1.0,-0.981627183447664,-0.9975640502598242,-0.9998476951563913,-0.9993908270190958,-0.9961946980917455
92,180.0,-59.0,-110.0,-107.0,-76.0,-18.0,-90.0,-81.0,-94.0,-92.0,-87.0,-97.0,-1.0,0.5150380749100543,-0.3420201433256687,-0.29237170472273666,0.2419218955996679,0.9510565162951535,6.123233995736766e-17,0.15643446504023092,-0.06975647374412533,-0.03489949670250073,0.052335956242943966,-0.12186934340514737,1.2246467991473532e-16,-0.8571673007021122,-0.9396926207859084,-0.9563047559630355,-0.9702957262759965,-0.3090169943749474,-1.0,-0.9876883405951378,-0.9975640502598242,-0.9993908270190958,-0.9986295347545738,-0.9925461516413221
93,169.0,-56.0,-110.0,-109.0,-76.0,-27.0,-90.0,-80.0,-96.0,-92.0,-90.0,-95.0,-0.981627183447664,0.5591929034707468,-0.3420201433256687,-0.3255681544571564,0.2419218955996679,0.8910065241883679,6.123233995736766e-17,0.17364817766693041,-0.10452846326765333,-0.03489949670250073,6.123233995736766e-17,-0.08715574274765824,0.19080899537654497,-0.8290375725550417,-0.9396926207859084,-0.9455185755993168,-0.9702957262759965,-0.45399049973954675,-1.0,-0.984807753012208,-0.9945218953682734,-0.9993908270190958,-1.0,-0.9961946980917455
94,180.0,-53.0,-114.0,-107.0,82.0,0.0,-88.0,-82.0,-96.0,-92.0,-90.0,-92.0,-1.0,0.6018150231520484,-0.4067366430758001,-0.29237170472273666,0.1391731009600657,1.0,0.03489949670250108,0.1391731009600657,-0.10452846326765333,-0.03489949670250073,6.123233995736766e-17,-0.03489949670250073,1.2246467991473532e-16,-0.7986355100472928,-0.913545457642601,-0.9563047559630355,0.9902680687415703,0.0,-0.9993908270190958,-0.9902680687415703,-0.9945218953682734,-0.9993908270190958,-1.0,-0.9993908270190958
95,180.0,-49.0,-111.0,-107.0,90.0,-27.0,-88.0,-82.0,-95.0,-92.0,-90.0,-92.0,-1.0,0.6560590289905073,-0.35836794954530027,-0.29237170472273666,6.123233995736766e-17,0.8910065241883679,0.03489949670250108,0.1391731009600657,-0.08715574274765824,-0.03489949670250073,6.123233995736766e-17,-0.03489949670250073,1.2246467991473532e-16,-0.754709580222772,-0.9335804264972017,-0.9563047559630355,1.0,-0.45399049973954675,-0.9993908270190958,-0.9902680687415703,-0.9961946980917455,-0.9993908270190958,-1.0,-0.9993908270190958
96,0.0,-104.0,-124.0,-88.0,-84.0,0.0,-86.0,-85.0,-93.0,-88.0,-90.0,-98.0,1.0,-0.24192189559966779,-0.5591929034707467,0.03489949670250108,0.10452846326765346,1.0,0.06975647374412546,0.08715574274765814,-0.05233595624294362,0.03489949670250108,6.123233995736766e-17,-0.13917310096006535,0.0,-0.9702957262759965,-0.8290375725550417,-0.9993908270190958,-0.9945218953682733,0.0,-0.9975640502598242,-0.9961946980917455,-0.9986295347545738,-0.9993908270190958,-1.0,-0.9902680687415704
97,0.0,-117.0,-85.0,-88.0,101.0,0.0,-86.0,-84.0,-93.0,-87.0,-90.0,-100.0,1.0,-0.45399049973954675,0.08715574274765814,0.03489949670250108,-0.1908089953765448,1.0,0.06975647374412546,0.10452846326765346,-0.05233595624294362,0.052335956242943966,6.123233995736766e-17,-0.1736481776669303,0.0,-0.8910065241883679,-0.9961946980917455,-0.9993908270190958,0.981627183447664,0.0,-0.9975640502598242,-0.9945218953682733,-0.9986295347545738,-0.9986295347545738,-1.0,-0.984807753012208
98,96.0,94.0,-83.0,-88.0,98.0,0.0,-45.0,-81.0,-93.0,-88.0,-90.0,-97.0,-0.10452846326765333,-0.06975647374412533,0.12186934340514749,0.03489949670250108,-0.13917310096006535,1.0,0.7071067811865476,0.15643446504023092,-0.05233595624294362,0.03489949670250108,6.123233995736766e-17,-0.12186934340514737,0.9945218953682734,0.9975640502598242,-0.992546151641322,-0.9993908270190958,0.9902680687415704,0.0,-0.7071067811865476,-0.9876883405951378,-0.9986295347545738,-0.9993908270190958,-1.0,-0.9925461516413221
99,0.0,-41.0,-86.0,-103.0,92.0,0.0,-87.0,-83.0,-93.0,-89.0,-90.0,-99.0,1.0,0.754709580222772,0.06975647374412546,-0.2249510543438648,-0.03489949670250073,1.0,0.052335956242943966,0.12186934340514749,-0.05233595624294362,0.017452406437283376,6.123233995736766e-17,-0.15643446504023104,0.0,-0.6560590289905072,-0.9975640502598242,-0.9743700647852352,0.9993908270190958,0.0,-0.9986295347545738,-0.992546151641322,-0.9986295347545738,-0.9998476951563913,-1.0,-0.9876883405951377
100,0.0,-36.0,-99.0,-101.0,-84.0,0.0,-88.0,-85.0,-91.0,-87.0,-87.0,-100.0,1.0,0.8090169943749475,-0.15643446504023104,-0.1908089953765448,0.10452846326765346,1.0,0.03489949670250108,0.08715574274765814,-0.017452406437283477,0.052335956242943966,0.052335956242943966,-0.1736481776669303,0.0,-0.5877852522924731,-0.9876883405951377,-0.981627183447664,-0.9945218953682733,0.0,-0.9993908270190958,-0.9961946980917455,-0.9998476951563913,-0.9986295347545738,-0.9986295347545738,-0.984807753012208
101,180.0,-104.0,-85.0,-86.0,90.0,0.0,-88.0,-82.0,-93.0,-90.0,-90.0,-95.0,-1.0,-0.24192189559966779,0.08715574274765814,0.06975647374412546,6.123233995736766e-17,1.0,0.03489949670250108,0.1391731009600657,-0.05233595624294362,6.123233995736766e-17,6.123233995736766e-17,-0.08715574274765824,1.2246467991473532e-16,-0.9702957262759965,-0.9961946980917455,-0.9975640502598242,1.0,0.0,-0.9993908270190958,-0.9902680687415703,-0.9986295347545738,-1.0,-1.0,-0.9961946980917455
102,180.0,-54.0,-98.0,-99.0,-80.0,0.0,-90.0,-82.0,-91.0,-90.0,-87.0,-95.0,-1.0,0.5877852522924731,-0.13917310096006535,-0.15643446504023104,0.17364817766693041,1.0,6.123233995736766e-17,0.1391731009600657,-0.017452406437283477,6.123233995736766e-17,0.052335956242943966,-0.08715574274765824,1.2246467991473532e-16,-0.8090169943749475,-0.9902680687415704,-0.9876883405951377,-0.984807753012208,0.0,-1.0,-0.9902680687415703,-0.9998476951563913,-1.0,-0.9986295347545738,-0.9961946980917455
103,166.0,-73.0,-105.0,-100.0,-73.0,0.0,-92.0,-80.0,-93.0,-90.0,-90.0,-95.0,-0.9702957262759965,0.29237170472273677,-0.25881904510252085,-0.1736481776669303,0.29237170472273677,1.0,-0.03489949670250073,0.17364817766693041,-0.05233595624294362,6.123233995736766e-17,6.123233995736766e-17,-0.08715574274765824,0.24192189559966773,-0.9563047559630354,-0.9659258262890683,-0.984807753012208,-0.9563047559630354,0.0,-0.9993908270190958,-0.984807753012208,-0.9986295347545738,-1.0,-1.0,-0.9961946980917455
104,180.0,-76.0,-107.0,-101.0,-77.0,0.0,-92.0,-79.0,-93.0,-90.0,-92.0,-97.0,-1.0,0.2419218955996679,-0.29237170472273666,-0.1908089953765448,0.22495105434386492,1.0,-0.03489949670250073,0.19080899537654492,-0.05233595624294362,6.123233995736766e-17,-0.03489949670250073,-0.12186934340514737,1.2246467991473532e-16,-0.9702957262759965,-0.9563047559630355,-0.981627183447664,-0.9743700647852352,0.0,-0.9993908270190958,-0.981627183447664,-0.9986295347545738,-1.0,-0.9993908270190958,-0.9925461516413221
105,180.0,-81.0,-107.0,-99.0,-72.0,0.0,-91.0,-78.0,-95.0,-90.0,-90.0,-95.0,-1.0,0.15643446504023092,-0.29237170472273666,-0.15643446504023104,0.30901699437494745,1.0,-0.017452406437283477,0.20791169081775945,-0.08715574274765824,6.123233995736766e-17,6.123233995736766e-17,-0.08715574274765824,1.2246467991473532e-16,-0.9876883405951378,-0.9563047559630355,-0.9876883405951377,-0.9510565162951535,0.0,-0.9998476951563913,-0.9781476007338056,-0.9961946980917455,-1.0,-1.0,-0.9961946980917455
106,180.0,-80.0,-110.0,-99.0,-75.0,0.0,-90.0,-80.0,-95.0,-90.0,-90.0,-92.0,-1.0,0.17364817766693041,-0.3420201433256687,-0.15643446504023104,0.25881904510252074,1.0,6.123233995736766e-17,0.17364817766693041,-0.08715574274765824,6.123233995736766e-17,6.123233995736766e-17,-0.03489949670250073,1.2246467991473532e-16,-0.984807753012208,-0.9396926207859084,-0.9876883405951377,-0.9659258262890683,0.0,-1.0,-0.984807753012208,-0.9961946980917455,-1.0,-1.0,-0.9993908270190958
107,180.0,-76.0,-113.0,-102.0,-69.0,0.0,-90.0,-78.0,-95.0,-90.0,-93.0,-95.0,-1.0,0.2419218955996679,-0.3907311284892736,-0.20791169081775912,0.3583679495453004,1.0,6.123233995736766e-17,0.20791169081775945,-0.08715574274765824,6.123233995736766e-17,-0.05233595624294362,-0.08715574274765824,1.2246467991473532e-16,-0.9702957262759965,-0.9205048534524404,-0.9781476007338057,-0.9335804264972017,0.0,-1.0,-0.9781476007338056,-0.9961946980917455,-1.0,-0.9986295347545738,-0.9961946980917455
108,-172.0,-81.0,-114.0,-101.0,83.0,0.0,-90.0,-80.0,-96.0,-92.0,-90.0,-92.0,-0.9902680687415703,0.15643446504023092,-0.4067366430758001,-0.1908089953765448,0.12186934340514749,1.0,6.123233995736766e-17,0.17364817766693041,-0.10452846326765333,-0.03489949670250073,6.123233995736766e-17,-0.03489949670250073,-0.13917310096006574,-0.9876883405951378,-0.913545457642601,-0.981627183447664,0.992546151641322,0.0,-1.0,-0.984807753012208,-0.9945218953682734,-0.9993908270190958,-1.0,-0.9993908270190958
109,180.0,-81.0,-114.0,-103.0,84.0,0.0,-90.0,-78.0,-95.0,-92.0,-93.0,-95.0,-1.0,0.15643446504023092,-0.4067366430758001,-0.2249510543438648,0.10452846326765346,1.0,6.123233995736766e-17,0.20791169081775945,-0.08715574274765824,-0.03489949670250073,-0.05233595624294362,-0.08715574274765824,1.2246467991473532e-16,-0.9876883405951378,-0.913545457642601,-0.9743700647852352,0.9945218953682733,0.0,-1.0,-0.9781476007338056,-0.9961946980917455,-0.9993908270190958,-0.9986295347545738,-0.9961946980917455
110,180.0,-84.0,-113.0,-100.0,84.0,0.0,-90.0,-78.0,-94.0,-91.0,-93.0,-95.0,-1.0,0.10452846326765346,-0.3907311284892736,-0.1736481776669303,0.10452846326765346,1.0,6.123233995736766e-17,0.20791169081775945,-0.06975647374412533,-0.017452406437283477,-0.05233595624294362,-0.08715574274765824,1.2246467991473532e-16,-0.9945218953682733,-0.9205048534524404,-0.984807753012208,0.9945218953682733,0.0,-1.0,-0.9781476007338056,-0.9975640502598242,-0.9998476951563913,-0.9986295347545738,-0.9961946980917455
111,180.0,-117.0,-110.0,-88.0,90.0,0.0,-90.0,-78.0,-95.0,-92.0,-92.0,-95.0,-1.0,-0.45399049973954675,-0.3420201433256687,0.03489949670250108,6.123233995736766e-17,1.0,6.123233995736766e-17,0.20791169081775945,-0.08715574274765824,-0.03489949670250073,-0.03489949670250073,-0.08715574274765824,1.2246467991473532e-16,-0.8910065241883679,-0.9396926207859084,-0.9993908270190958,1.0,0.0,-1.0,-0.9781476007338056,-0.9961946980917455,-0.9993908270190958,-0.9993908270190958,-0.9961946980917455
112,180.0,-119.0,-114.0,-84.0,84.0,0.0,-90.0,-78.0,-93.0,-91.0,-93.0,-95.0,-1.0,-0.484809620246337,-0.4067366430758001,0.10452846326765346,0.10452846326765346,1.0,6.123233995736766e-17,0.20791169081775945,-0.05233595624294362,-0.017452406437283477,-0.05233595624294362,-0.08715574274765824,1.2246467991473532e-16,-0.8746197071393959,-0.913545457642601,-0.9945218953682733,0.9945218953682733,0.0,-1.0,-0.9781476007338056,-0.9986295347545738,-0.9998476951563913,-0.9986295347545738,-0.9961946980917455
113,180.0,-77.0,-114.0,-100.0,84.0,0.0,-88.0,-78.0,-95.0,-90.0,-93.0,-97.0,-1.0,0.22495105434386492,-0.4067366430758001,-0.1736481776669303,0.10452846326765346,1.0,0.03489949670250108,0.20791169081775945,-0.08715574274765824,6.123233995736766e-17,-0.05233595624294362,-0.12186934340514737,1.2246467991473532e-16,-0.9743700647852352,-0.913545457642601,-0.984807753012208,0.9945218953682733,0.0,-0.9993908270190958,-0.9781476007338056,-0.9961946980917455,-1.0,-0.9986295347545738,-0.9925461516413221
114,180.0,-81.0,-111.0,-99.0,63.0,0.0,-88.0,-78.0,-93.0,-88.0,-92.0,-99.0,-1.0,0.15643446504023092,-0.35836794954530027,-0.15643446504023104,0.4539904997395468,1.0,0.03489949670250108,0.20791169081775945,-0.05233595624294362,0.03489949670250108,-0.03489949670250073,-0.15643446504023104,1.2246467991473532e-16,-0.9876883405951378,-0.9335804264972017,-0.9876883405951377,0.8910065241883678,0.0,-0.9993908270190958,-0.9781476007338056,-0.9986295347545738,-0.9993908270190958,-0.9993908270190958,-0.9876883405951377
115,180.0,-82.0,-113.0,-100.0,45.0,-162.0,-84.0,-77.0,-97.0,-88.0,-95.0,-99.0,-1.0,0.1391731009600657,-0.3907311284892736,-0.1736481776669303,0.7071067811865476,-0.9510565162951535,0.10452846326765346,0.22495105434386492,-0.12186934340514737,0.03489949670250108,-0.08715574274765824,-0.15643446504023104,1.2246467991473532e-16,-0.9902680687415703,-0.9205048534524404,-0.984807753012208,0.7071067811865476,-0.3090169943749475,-0.9945218953682733,-0.9743700647852352,-0.9925461516413221,-0.9993908270190958,-0.9961946980917455,-0.9876883405951377
116,180.0,-81.0,-115.0,-99.0,67.0,180.0,-84.0,-77.0,-99.0,-90.0,-95.0,-97.0,-1.0,0.15643446504023092,-0.42261826174069933,-0.15643446504023104,0.39073112848927394,-1.0,0.10452846326765346,0.22495105434386492,-0.15643446504023104,6.123233995736766e-17,-0.08715574274765824,-0.12186934340514737,1.2246467991473532e-16,-0.9876883405951378,-0.90630778703665,-0.9876883405951377,0.9205048534524403,1.2246467991473532e-16,-0.9945218953682733,-0.9743700647852352,-0.9876883405951377,-1.0,-0.9961946980917455,-0.9925461516413221
117,180.0,-112.0,-114.0,-83.0,72.0,180.0,-81.0,-77.0,-101.0,-92.0,-95.0,-95.0,-1.0,-0.37460659341591207,-0.4067366430758001,0.12186934340514749,0.30901699437494745,-1.0,0.15643446504023092,0.22495105434386492,-0.1908089953765448,-0.03489949670250073,-0.08715574274765824,-0.08715574274765824,1.2246467991473532e-16,-0.9271838545667874,-0.913545457642601,-0.992546151641322,0.9510565162951535,1.2246467991473532e-16,-0.9876883405951378,-0.9743700647852352,-0.981627183447664,-0.9993908270190958,-0.9961946980917455,-0.9961946980917455
118,180.0,-108.0,-108.0,-81.0,72.0,180.0,-81.0,-77.0,-101.0,-93.0,-92.0,-108.0,-1.0,-0.30901699437494734,-0.30901699437494734,0.15643446504023092,0.30901699437494745,-1.0,0.15643446504023092,0.22495105434386492,-0.1908089953765448,-0.05233595624294362,-0.03489949670250073,-0.30901699437494734,1.2246467991473532e-16,-0.9510565162951536,-0.9510565162951536,-0.9876883405951378,0.9510565162951535,1.2246467991473532e-16,-0.9876883405951378,-0.9743700647852352,-0.981627183447664,-0.9986295347545738,-0.9993908270190958,-0.9510565162951536
119,180.0,-81.0,-111.0,-86.0,63.0,180.0,-83.0,-76.0,-101.0,-92.0,-95.0,-97.0,-1.0,0.15643446504023092,-0.35836794954530027,0.06975647374412546,0.4539904997395468,-1.0,0.12186934340514749,0.2419218955996679,-0.1908089953765448,-0.03489949670250073,-0.08715574274765824,-0.12186934340514737,1.2246467991473532e-16,-0.9876883405951378,-0.9335804264972017,-0.9975640502598242,0.8910065241883678,1.2246467991473532e-16,-0.992546151641322,-0.9702957262759965,-0.981627183447664,-0.9993908270190958,-0.9961946980917455,-0.9925461516413221
120,-174.0,-82.0,-113.0,-102.0,-64.0,-153.0,-86.0,-77.0,-97.0,-90.0,-99.0,-98.0,-0.9945218953682733,0.1391731009600657,-0.3907311284892736,-0.20791169081775912,0.43837114678907746,-0.8910065241883678,0.06975647374412546,0.22495105434386492,-0.12186934340514737,6.123233995736766e-17,-0.15643446504023104,-0.13917310096006535,-0.10452846326765373,-0.9902680687415703,-0.9205048534524404,-0.9781476007338057,-0.898794046299167,-0.45399049973954686,-0.9975640502598242,-0.9743700647852352,-0.9925461516413221,-1.0,-0.9876883405951377,-0.9902680687415704
121,-175.0,-87.0,-108.0,-101.0,-62.0,-158.0,-87.0,-78.0,-97.0,-88.0,-99.0,-99.0,-0.9961946980917455,0.052335956242943966,-0.30901699437494734,-0.1908089953765448,0.46947156278589086,-0.9271838545667873,0.052335956242943966,0.20791169081775945,-0.12186934340514737,0.03489949670250108,-0.15643446504023104,-0.15643446504023104,-0.08715574274765864,-0.9986295347545738,-0.9510565162951536,-0.981627183447664,-0.8829475928589269,-0.37460659341591224,-0.9986295347545738,-0.9781476007338056,-0.9925461516413221,-0.9993908270190958,-0.9876883405951377,-0.9876883405951377
122,-176.0,-90.0,-111.0,-104.0,-60.0,-153.0,-91.0,-78.0,-97.0,-90.0,-96.0,-96.0,-0.9975640502598242,6.123233995736766e-17,-0.35836794954530027,-0.24192189559966779,0.5000000000000001,-0.8910065241883678,-0.017452406437283477,0.20791169081775945,-0.12186934340514737,6.123233995736766e-17,-0.10452846326765333,-0.10452846326765333,-0.06975647374412552,-1.0,-0.9335804264972017,-0.9702957262759965,-0.8660254037844386,-0.45399049973954686,-0.9998476951563913,-0.9781476007338056,-0.9925461516413221,-1.0,-0.9945218953682734,-0.9945218953682734
123,180.0,-86.0,-107.0,-103.0,63.0,-162.0,-89.0,-76.0,-97.0,-91.0,-99.0,-99.0,-1.0,0.06975647374412546,-0.29237170472273666,-0.2249510543438648,0.4539904997395468,-0.9510565162951535,0.017452406437283376,0.2419218955996679,-0.12186934340514737,-0.017452406437283477,-0.15643446504023104,-0.15643446504023104,1.2246467991473532e-16,-0.9975640502598242,-0.9563047559630355,-0.9743700647852352,0.8910065241883678,-0.3090169943749475,-0.9998476951563913,-0.9702957262759965,-0.9925461516413221,-0.9998476951563913,-0.9876883405951377,-0.9876883405951377
124,180.0,-85.0,-111.0,-97.0,76.0,180.0,-85.0,-77.0,-97.0,-91.0,-85.0,-146.0,-1.0,0.08715574274765814,-0.35836794954530027,-0.12186934340514737,0.2419218955996679,-1.0,0.08715574274765814,0.22495105434386492,-0.12186934340514737,-0.017452406437283477,0.08715574274765814,-0.8290375725550416,1.2246467991473532e-16,-0.9961946980917455,-0.9335804264972017,-0.9925461516413221,0.9702957262759965,1.2246467991473532e-16,-0.9961946980917455,-0.9743700647852352,-0.9925461516413221,-0.9998476951563913,-0.9961946980917455,-0.5591929034707469
125,180.0,-108.0,-111.0,-83.0,72.0,0.0,-90.0,-78.0,-95.0,-92.0,-93.0,-121.0,-1.0,-0.30901699437494734,-0.35836794954530027,0.12186934340514749,0.30901699437494745,1.0,6.123233995736766e-17,0.20791169081775945,-0.08715574274765824,-0.03489949670250073,-0.05233595624294362,-0.5150380749100543,1.2246467991473532e-16,-0.9510565162951536,-0.9335804264972017,-0.992546151641322,0.9510565162951535,0.0,-1.0,-0.9781476007338056,-0.9961946980917455,-0.9993908270190958,-0.9986295347545738,-0.8571673007021123
126,180.0,-90.0,-113.0,-93.0,-66.0,180.0,-91.0,-80.0,-94.0,-91.0,-93.0,-117.0,-1.0,6.123233995736766e-17,-0.3907311284892736,-0.05233595624294362,0.4067366430758002,-1.0,-0.017452406437283477,0.17364817766693041,-0.06975647374412533,-0.017452406437283477,-0.05233595624294362,-0.45399049973954675,1.2246467991473532e-16,-1.0,-0.9205048534524404,-0.9986295347545738,-0.9135454576426009,1.2246467991473532e-16,-0.9998476951563913,-0.984807753012208,-0.9975640502598242,-0.9998476951563913,-0.9986295347545738,-0.8910065241883679
127,180.0,-77.0,-113.0,-92.0,-73.0,0.0,-84.0,-81.0,-96.0,-93.0,-87.0,53.0,-1.0,0.22495105434386492,-0.3907311284892736,-0.03489949670250073,0.29237170472273677,1.0,0.10452846326765346,0.15643446504023092,-0.10452846326765333,-0.05233595624294362,0.052335956242943966,0.6018150231520484,1.2246467991473532e-16,-0.9743700647852352,-0.9205048534524404,-0.9993908270190958,-0.9563047559630354,0.0,-0.9945218953682733,-0.9876883405951378,-0.9945218953682734,-0.9986295347545738,-0.9986295347545738,0.7986355100472928
128,180.0,-81.0,-117.0,-95.0,56.0,-90.0,-85.0,-81.0,-96.0,-93.0,45.0,56.0,-1.0,0.15643446504023092,-0.45399049973954675,-0.08715574274765824,0.5591929034707468,6.123233995736766e-17,0.08715574274765814,0.15643446504023092,-0.10452846326765333,-0.05233595624294362,0.7071067811865476,0.5591929034707468,1.2246467991473532e-16,-0.9876883405951378,-0.8910065241883679,-0.9961946980917455,0.8290375725550417,-1.0,-0.9961946980917455,-0.9876883405951378,-0.9945218953682734,-0.9986295347545738,0.7071067811865476,0.8290375725550417
129,180.0,-82.0,-110.0,-82.0,-45.0,169.0,-81.0,-80.0,-104.0,-93.0,-90.0,-108.0,-1.0,0.1391731009600657,-0.3420201433256687,0.1391731009600657,0.7071067811865476,-0.981627183447664,0.15643446504023092,0.17364817766693041,-0.24192189559966779,-0.05233595624294362,6.123233995736766e-17,-0.30901699437494734,1.2246467991473532e-16,-0.9902680687415703,-0.9396926207859084,-0.9902680687415703,-0.7071067811865476,0.19080899537654497,-0.9876883405951378,-0.984807753012208,-0.9702957262759965,-0.9986295347545738,-1.0,-0.9510565162951536
130,180.0,-105.0,-113.0,-82.0,-72.0,0.0,-87.0,-82.0,-94.0,-90.0,-88.0,-95.0,-1.0,-0.25881904510252085,-0.3907311284892736,0.1391731009600657,0.30901699437494745,1.0,0.052335956242943966,0.1391731009600657,-0.06975647374412533,6.123233995736766e-17,0.03489949670250108,-0.08715574274765824,1.2246467991473532e-16,-0.9659258262890683,-0.9205048534524404,-0.9902680687415703,-0.9510565162951535,0.0,-0.9986295347545738,-0.9902680687415703,-0.9975640502598242,-1.0,-0.9993908270190958,-0.9961946980917455
131,169.0,-85.0,-114.0,-97.0,-75.0,0.0,-88.0,-81.0,-94.0,-90.0,-95.0,-97.0,-0.981627183447664,0.08715574274765814,-0.4067366430758001,-0.12186934340514737,0.25881904510252074,1.0,0.03489949670250108,0.15643446504023092,-0.06975647374412533,6.123233995736766e-17,-0.08715574274765824,-0.12186934340514737,0.19080899537654497,-0.9961946980917455,-0.913545457642601,-0.9925461516413221,-0.9659258262890683,0.0,-0.9993908270190958,-0.9876883405951378,-0.9975640502598242,-1.0,-0.9961946980917455,-0.9925461516413221
132,180.0,-79.0,-111.0,-98.0,-69.0,-45.0,-87.0,-78.0,-93.0,-91.0,-117.0,-130.0,-1.0,0.19080899537654492,-0.35836794954530027,-0.13917310096006535,0.3583679495453004,0.7071067811865476,0.052335956242943966,0.20791169081775945,-0.05233595624294362,-0.017452406437283477,-0.45399049973954675,-0.6427876096865394,1.2246467991473532e-16,-0.981627183447664,-0.9335804264972017,-0.9902680687415704,-0.9335804264972017,-0.7071067811865476,-0.9986295347545738,-0.9781476007338056,-0.9986295347545738,-0.9998476951563913,-0.8910065241883679,-0.766044443118978
133,180.0,-69.0,-83.0,-104.0,-90.0,-45.0,-85.0,-77.0,-91.0,-89.0,-96.0,-103.0,-1.0,0.3583679495453004,0.12186934340514749,-0.24192189559966779,6.123233995736766e-17,0.7071067811865476,0.08715574274765814,0.22495105434386492,-0.017452406437283477,0.017452406437283376,-0.10452846326765333,-0.2249510543438648,1.2246467991473532e-16,-0.9335804264972017,-0.992546151641322,-0.9702957262759965,-1.0,-0.7071067811865476,-0.9961946980917455,-0.9743700647852352,-0.9998476951563913,-0.9998476951563913,-0.9945218953682734,-0.9743700647852352
134,-174.0,-89.0,-106.0,111.0,-55.0,180.0,-89.0,-79.0,-99.0,-95.0,-93.0,-104.0,-0.9945218953682733,0.017452406437283376,-0.27563735581699905,-0.35836794954530027,0.573576436351046,-1.0,0.017452406437283376,0.19080899537654492,-0.15643446504023104,-0.08715574274765824,-0.05233595624294362,-0.24192189559966779,-0.10452846326765373,-0.9998476951563913,-0.9612616959383189,0.9335804264972017,-0.8191520442889918,1.2246467991473532e-16,-0.9998476951563913,-0.981627183447664,-0.9876883405951377,-0.9961946980917455,-0.9986295347545738,-0.9702957262759965
135,163.0,-93.0,-106.0,177.0,180.0,153.0,-90.0,-82.0,-101.0,-94.0,-98.0,-103.0,-0.9563047559630354,-0.05233595624294362,-0.27563735581699905,-0.9986295347545738,-1.0,-0.8910065241883678,6.123233995736766e-17,0.1391731009600657,-0.1908089953765448,-0.06975647374412533,-0.13917310096006535,-0.2249510543438648,0.29237170472273705,-0.9986295347545738,-0.9612616959383189,0.05233595624294381,1.2246467991473532e-16,0.45399049973954686,-1.0,-0.9902680687415703,-0.981627183447664,-0.9975640502598242,-0.9902680687415704,-0.9743700647852352
136,171.0,-90.0,-113.0,-99.0,79.0,174.0,-98.0,-82.0,-94.0,-86.0,-90.0,-90.0,-0.9876883405951377,6.123233995736766e-17,-0.3907311284892736,-0.15643446504023104,0.19080899537654492,-0.9945218953682733,-0.13917310096006535,0.1391731009600657,-0.06975647374412533,0.06975647374412546,6.123233995736766e-17,6.123233995736766e-17,0.15643446504023098,-1.0,-0.9205048534524404,-0.9876883405951377,0.981627183447664,0.10452846326765373,-0.9902680687415704,-0.9902680687415703,-0.9975640502598242,-0.9975640502598242,-1.0,-1.0
137,174.0,-81.0,-105.0,-104.0,-53.0,172.0,-101.0,-78.0,-97.0,-84.0,-95.0,-98.0,-0.9945218953682733,0.15643446504023092,-0.25881904510252085,-0.24192189559966779,0.6018150231520484,-0.9902680687415703,-0.1908089953765448,0.20791169081775945,-0.12186934340514737,0.10452846326765346,-0.08715574274765824,-0.13917310096006535,0.10452846326765373,-0.9876883405951378,-0.9659258262890683,-0.9702957262759965,-0.7986355100472928,0.13917310096006574,-0.981627183447664,-0.9781476007338056,-0.9925461516413221,-0.9945218953682733,-0.9961946980917455,-0.9902680687415704
138,166.0,-77.0,-119.0,-94.0,-53.0,174.0,-100.0,-82.0,-94.0,-88.0,-106.0,-96.0,-0.9702957262759965,0.22495105434386492,-0.484809620246337,-0.06975647374412533,0.6018150231520484,-0.9945218953682733,-0.1736481776669303,0.1391731009600657,-0.06975647374412533,0.03489949670250108,-0.27563735581699905,-0.10452846326765333,0.24192189559966773,-0.9743700647852352,-0.8746197071393959,-0.9975640502598242,-0.7986355100472928,0.10452846326765373,-0.984807753012208,-0.9902680687415703,-0.9975640502598242,-0.9993908270190958,-0.9612616959383189,-0.9945218953682734
139,171.0,-76.0,-108.0,-90.0,-84.0,180.0,-103.0,-81.0,-96.0,-92.0,-102.0,-88.0,-0.9876883405951377,0.2419218955996679,-0.30901699437494734,6.123233995736766e-17,0.10452846326765346,-1.0,-0.2249510543438648,0.15643446504023092,-0.10452846326765333,-0.03489949670250073,-0.20791169081775912,0.03489949670250108,0.15643446504023098,-0.9702957262759965,-0.9510565162951536,-1.0,-0.9945218953682733,1.2246467991473532e-16,-0.9743700647852352,-0.9876883405951378,-0.9945218953682734,-0.9993908270190958,-0.9781476007338057,-0.9993908270190958
140,174.0,-81.0,-106.0,-87.0,-90.0,173.0,-101.0,-84.0,-96.0,-86.0,-112.0,-99.0,-0.9945218953682733,0.15643446504023092,-0.27563735581699905,0.052335956242943966,6.123233995736766e-17,-0.992546151641322,-0.1908089953765448,0.10452846326765346,-0.10452846326765333,0.06975647374412546,-0.37460659341591207,-0.15643446504023104,0.10452846326765373,-0.9876883405951378,-0.9612616959383189,-0.9986295347545738,-1.0,0.12186934340514755,-0.981627183447664,-0.9945218953682733,-0.9945218953682734,-0.9975640502598242,-0.9271838545667874,-0.9876883405951377
141,176.0,-79.0,-107.0,-93.0,-98.0,169.0,-101.0,-84.0,-97.0,-90.0,-107.0,-100.0,-0.9975640502598242,0.19080899537654492,-0.29237170472273666,-0.05233595624294362,-0.13917310096006535,-0.981627183447664,-0.1908089953765448,0.10452846326765346,-0.12186934340514737,6.123233995736766e-17,-0.29237170472273666,-0.1736481776669303,0.06975647374412552,-0.981627183447664,-0.9563047559630355,-0.9986295347545738,-0.9902680687415704,0.19080899537654497,-0.981627183447664,-0.9945218953682733,-0.9925461516413221,-1.0,-0.9563047559630355,-0.984807753012208
142,172.0,-81.0,-108.0,-100.0,-79.0,162.0,-101.0,-87.0,-95.0,-88.0,-108.0,-99.0,-0.9902680687415703,0.15643446504023092,-0.30901699437494734,-0.1736481776669303,0.19080899537654492,-0.9510565162951535,-0.1908089953765448,0.052335956242943966,-0.08715574274765824,0.03489949670250108,-0.30901699437494734,-0.15643446504023104,0.13917310096006574,-0.9876883405951378,-0.9510565162951536,-0.984807753012208,-0.981627183447664,0.3090169943749475,-0.981627183447664,-0.9986295347545738,-0.9961946980917455,-0.9993908270190958,-0.9510565162951536,-0.9876883405951377
143,173.0,-84.0,-109.0,-97.0,-86.0,166.0,-100.0,-87.0,-95.0,-86.0,-117.0,-99.0,-0.992546151641322,0.10452846326765346,-0.3255681544571564,-0.12186934340514737,0.06975647374412546,-0.9702957262759965,-0.1736481776669303,0.052335956242943966,-0.08715574274765824,0.06975647374412546,-0.45399049973954675,-0.15643446504023104,0.12186934340514755,-0.9945218953682733,-0.9455185755993168,-0.9925461516413221,-0.9975640502598242,0.24192189559966773,-0.984807753012208,-0.9986295347545738,-0.9961946980917455,-0.9975640502598242,-0.8910065241883679,-0.9876883405951377
144,176.0,-81.0,-106.0,-97.0,-85.0,174.0,-102.0,-90.0,-97.0,-83.0,-114.0,-98.0,-0.9975640502598242,0.15643446504023092,-0.27563735581699905,-0.12186934340514737,0.08715574274765814,-0.9945218953682733,-0.20791169081775912,6.123233995736766e-17,-0.12186934340514737,0.12186934340514749,-0.4067366430758001,-0.13917310096006535,0.06975647374412552,-0.9876883405951378,-0.9612616959383189,-0.9925461516413221,-0.9961946980917455,0.10452846326765373,-0.9781476007338057,-1.0,-0.9925461516413221,-0.992546151641322,-0.913545457642601,-0.9902680687415704
145,173.0,-81.0,-102.0,-103.0,-90.0,166.0,-101.0,-88.0,-97.0,-85.0,-109.0,-96.0,-0.992546151641322,0.15643446504023092,-0.20791169081775912,-0.2249510543438648,6.123233995736766e-17,-0.9702957262759965,-0.1908089953765448,0.03489949670250108,-0.12186934340514737,0.08715574274765814,-0.3255681544571564,-0.10452846326765333,0.12186934340514755,-0.9876883405951378,-0.9781476007338057,-0.9743700647852352,-1.0,0.24192189559966773,-0.981627183447664,-0.9993908270190958,-0.9925461516413221,-0.9961946980917455,-0.9455185755993168,-0.9945218953682734
146,177.0,-79.0,-100.0,-90.0,-90.0,180.0,-102.0,-87.0,-99.0,-86.0,-103.0,-98.0,-0.9986295347545738,0.19080899537654492,-0.1736481776669303,6.123233995736766e-17,6.123233995736766e-17,-1.0,-0.20791169081775912,0.052335956242943966,-0.15643446504023104,0.06975647374412546,-0.2249510543438648,-0.13917310096006535,0.05233595624294381,-0.981627183447664,-0.984807753012208,-1.0,-1.0,1.2246467991473532e-16,-0.9781476007338057,-0.9986295347545738,-0.9876883405951377,-0.9975640502598242,-0.9743700647852352,-0.9902680687415704
147,174.0,-75.0,-99.0,-90.0,-86.0,180.0,-100.0,-84.0,-103.0,-88.0,-100.0,-95.0,-0.9945218953682733,0.25881904510252074,-0.15643446504023104,6.123233995736766e-17,0.06975647374412546,-1.0,-0.1736481776669303,0.10452846326765346,-0.2249510543438648,0.03489949670250108,-0.1736481776669303,-0.08715574274765824,0.10452846326765373,-0.9659258262890683,-0.9876883405951377,-1.0,-0.9975640502598242,1.2246467991473532e-16,-0.984807753012208,-0.9945218953682733,-0.9743700647852352,-0.9993908270190958,-0.984807753012208,-0.9961946980917455
148,173.0,-74.0,-85.0,-90.0,-82.0,180.0,-97.0,-76.0,-105.0,-95.0,-100.0,-88.0,-0.992546151641322,0.27563735581699916,0.08715574274765814,6.123233995736766e-17,0.1391731009600657,-1.0,-0.12186934340514737,0.2419218955996679,-0.25881904510252085,-0.08715574274765824,-0.1736481776669303,0.03489949670250108,0.12186934340514755,-0.9612616959383189,-0.9961946980917455,-1.0,-0.9902680687415703,1.2246467991473532e-16,-0.9925461516413221,-0.9702957262759965,-0.9659258262890683,-0.9961946980917455,-0.984807753012208,-0.9993908270190958
149,171.0,-74.0,-96.0,-87.0,-83.0,180.0,-99.0,-84.0,-98.0,-86.0,-88.0,-95.0,-0.9876883405951377,0.27563735581699916,-0.10452846326765333,0.052335956242943966,0.12186934340514749,-1.0,-0.15643446504023104,0.10452846326765346,-0.13917310096006535,0.06975647374412546,0.03489949670250108,-0.08715574274765824,0.15643446504023098,-0.9612616959383189,-0.9945218953682734,-0.9986295347545738,-0.992546151641322,1.2246467991473532e-16,-0.9876883405951377,-0.9945218953682733,-0.9902680687415704,-0.9975640502598242,-0.9993908270190958,-0.9961946980917455
150,167.0,-76.0,-95.0,-90.0,-82.0,180.0,-95.0,-83.0,-96.0,-90.0,-102.0,-92.0,-0.9743700647852352,0.2419218955996679,-0.08715574274765824,6.123233995736766e-17,0.1391731009600657,-1.0,-0.08715574274765824,0.12186934340514749,-0.10452846326765333,6.123233995736766e-17,-0.20791169081775912,-0.03489949670250073,0.22495105434386478,-0.9702957262759965,-0.9961946980917455,-1.0,-0.9902680687415703,1.2246467991473532e-16,-0.9961946980917455,-0.992546151641322,-0.9945218953682734,-1.0,-0.9781476007338057,-0.9993908270190958
151,45.0,-70.0,-85.0,-93.0,-90.0,135.0,-93.0,-97.0,-102.0,-90.0,-90.0,-96.0,0.7071067811865476,0.3420201433256688,0.08715574274765814,-0.05233595624294362,6.123233995736766e-17,-0.7071067811865475,-0.05233595624294362,-0.12186934340514737,-0.20791169081775912,6.123233995736766e-17,6.123233995736766e-17,-0.10452846326765333,0.7071067811865476,-0.9396926207859083,-0.9961946980917455,-0.9986295347545738,-1.0,0.7071067811865476,-0.9986295347545738,-0.9925461516413221,-0.9781476007338057,-1.0,-1.0,-0.9945218953682734
152,162.0,-73.0,-77.0,-101.0,-86.0,-135.0,-88.0,-86.0,-102.0,-94.0,-110.0,-119.0,-0.9510565162951535,0.29237170472273677,0.22495105434386492,-0.1908089953765448,0.06975647374412546,-0.7071067811865475,0.03489949670250108,0.06975647374412546,-0.20791169081775912,-0.06975647374412533,-0.3420201433256687,-0.484809620246337,0.3090169943749475,-0.9563047559630354,-0.9743700647852352,-0.981627183447664,-0.9975640502598242,-0.7071067811865476,-0.9993908270190958,-0.9975640502598242,-0.9781476007338057,-0.9975640502598242,-0.9396926207859084,-0.8746197071393959
153,162.0,-76.0,-85.0,-103.0,-80.0,-162.0,-84.0,-84.0,-103.0,-90.0,-92.0,-97.0,-0.9510565162951535,0.2419218955996679,0.08715574274765814,-0.2249510543438648,0.17364817766693041,-0.9510565162951535,0.10452846326765346,0.10452846326765346,-0.2249510543438648,6.123233995736766e-17,-0.03489949670250073,-0.12186934340514737,0.3090169943749475,-0.9702957262759965,-0.9961946980917455,-0.9743700647852352,-0.984807753012208,-0.3090169943749475,-0.9945218953682733,-0.9945218953682733,-0.9743700647852352,-1.0,-0.9993908270190958,-0.9925461516413221
154,-153.0,-81.0,-87.0,162.0,-69.0,-153.0,-83.0,-83.0,-101.0,-93.0,-94.0,-97.0,-0.8910065241883678,0.15643446504023092,0.052335956242943966,-0.9510565162951535,0.3583679495453004,-0.8910065241883678,0.12186934340514749,0.12186934340514749,-0.1908089953765448,-0.05233595624294362,-0.06975647374412533,-0.12186934340514737,-0.45399049973954686,-0.9876883405951378,-0.9986295347545738,0.3090169943749475,-0.9335804264972017,-0.45399049973954686,-0.992546151641322,-0.992546151641322,-0.981627183447664,-0.9986295347545738,-0.9975640502598242,-0.9925461516413221
155,180.0,-84.0,-84.0,135.0,-11.0,-146.0,-84.0,-78.0,-103.0,-93.0,-95.0,-98.0,-1.0,0.10452846326765346,0.10452846326765346,-0.7071067811865475,0.981627183447664,-0.8290375725550416,0.10452846326765346,0.20791169081775945,-0.2249510543438648,-0.05233595624294362,-0.08715574274765824,-0.13917310096006535,1.2246467991473532e-16,-0.9945218953682733,-0.9945218953682733,0.7071067811865476,-0.1908089953765448,-0.5591929034707469,-0.9945218953682733,-0.9781476007338056,-0.9743700647852352,-0.9986295347545738,-0.9961946980917455,-0.9902680687415704
156,0.0,-104.0,-83.0,-87.0,-115.0,-14.0,-88.0,-84.0,-89.0,-87.0,-93.0,-105.0,1.0,-0.24192189559966779,0.12186934340514749,0.052335956242943966,-0.42261826174069933,0.9702957262759965,0.03489949670250108,0.10452846326765346,0.017452406437283376,0.052335956242943966,-0.05233595624294362,-0.25881904510252085,0.0,-0.9702957262759965,-0.992546151641322,-0.9986295347545738,-0.90630778703665,-0.24192189559966773,-0.9993908270190958,-0.9945218953682733,-0.9998476951563913,-0.9986295347545738,-0.9986295347545738,-0.9659258262890683
157,126.0,-61.0,-82.0,-96.0,-80.0,-27.0,-87.0,-79.0,-91.0,-87.0,-95.0,-105.0,-0.587785252292473,0.4848096202463371,0.1391731009600657,-0.10452846326765333,0.17364817766693041,0.8910065241883679,0.052335956242943966,0.19080899537654492,-0.017452406437283477,0.052335956242943966,-0.08715574274765824,-0.25881904510252085,0.8090169943749475,-0.8746197071393957,-0.9902680687415703,-0.9945218953682734,-0.984807753012208,-0.45399049973954675,-0.9986295347545738,-0.981627183447664,-0.9998476951563913,-0.9986295347545738,-0.9961946980917455,-0.9659258262890683
158,0.0,-81.0,-82.0,-96.0,-76.0,-45.0,-87.0,-85.0,-89.0,-87.0,-93.0,-96.0,1.0,0.15643446504023092,0.1391731009600657,-0.10452846326765333,0.2419218955996679,0.7071067811865476,0.052335956242943966,0.08715574274765814,0.017452406437283376,0.052335956242943966,-0.05233595624294362,-0.10452846326765333,0.0,-0.9876883405951378,-0.9902680687415703,-0.9945218953682734,-0.9702957262759965,-0.7071067811865476,-0.9986295347545738,-0.9961946980917455,-0.9998476951563913,-0.9986295347545738,-0.9986295347545738,-0.9945218953682734
159,-63.0,77.0,95.0,-99.0,95.0,-67.0,85.0,91.0,-87.0,-119.0,-93.0,-96.0,0.4539904997395468,0.22495105434386492,-0.08715574274765824,-0.15643446504023104,-0.08715574274765824,0.39073112848927394,0.08715574274765814,-0.017452406437283477,0.052335956242943966,-0.484809620246337,-0.05233595624294362,-0.10452846326765333,-0.8910065241883678,0.9743700647852352,0.9961946980917455,-0.9876883405951377,0.9961946980917455,-0.9205048534524403,0.9961946980917455,0.9998476951563913,-0.9986295347545738,-0.8746197071393959,-0.9986295347545738,-0.9945218953682734
160,0.0,-80.0,-85.0,-95.0,-95.0,-65.0,-87.0,-80.0,-87.0,-110.0,-95.0,-96.0,1.0,0.17364817766693041,0.08715574274765814,-0.08715574274765824,-0.08715574274765824,0.42261826174069944,0.052335956242943966,0.17364817766693041,0.052335956242943966,-0.3420201433256687,-0.08715574274765824,-0.10452846326765333,0.0,-0.984807753012208,-0.9961946980917455,-0.9961946980917455,-0.9961946980917455,-0.9063077870366499,-0.9986295347545738,-0.984807753012208,-0.9986295347545738,-0.9396926207859084,-0.9961946980917455,-0.9945218953682734
161,0.0,-85.0,-81.0,-92.0,-90.0,-6.0,-89.0,-80.0,-84.0,-110.0,-92.0,-94.0,1.0,0.08715574274765814,0.15643446504023092,-0.03489949670250073,6.123233995736766e-17,0.9945218953682733,0.017452406437283376,0.17364817766693041,0.10452846326765346,-0.3420201433256687,-0.03489949670250073,-0.06975647374412533,0.0,-0.9961946980917455,-0.9876883405951378,-0.9993908270190958,-1.0,-0.10452846326765346,-0.9998476951563913,-0.984807753012208,-0.9945218953682733,-0.9396926207859084,-0.9993908270190958,-0.9975640502598242
162,0.0,-83.0,-81.0,-92.0,92.0,0.0,-88.0,-80.0,-80.0,-107.0,-97.0,-98.0,1.0,0.12186934340514749,0.15643446504023092,-0.03489949670250073,-0.03489949670250073,1.0,0.03489949670250108,0.17364817766693041,0.17364817766693041,-0.29237170472273666,-0.12186934340514737,-0.13917310096006535,0.0,-0.992546151641322,-0.9876883405951378,-0.9993908270190958,0.9993908270190958,0.0,-0.9993908270190958,-0.984807753012208,-0.984807753012208,-0.9563047559630355,-0.9925461516413221,-0.9902680687415704
163,27.0,-85.0,-81.0,80.0,95.0,0.0,-88.0,-80.0,-80.0,-108.0,-97.0,-99.0,0.8910065241883679,0.08715574274765814,0.15643446504023092,0.17364817766693041,-0.08715574274765824,1.0,0.03489949670250108,0.17364817766693041,0.17364817766693041,-0.30901699437494734,-0.12186934340514737,-0.15643446504023104,0.45399049973954675,-0.9961946980917455,-0.9876883405951378,0.984807753012208,0.9961946980917455,0.0,-0.9993908270190958,-0.984807753012208,-0.984807753012208,-0.9510565162951536,-0.9925461516413221,-0.9876883405951377
164,45.0,-86.0,-108.0,80.0,52.0,-68.0,-84.0,-78.0,-87.0,-111.0,-95.0,-98.0,0.7071067811865476,0.06975647374412546,-0.30901699437494734,0.17364817766693041,0.6156614753256583,0.37460659341591196,0.10452846326765346,0.20791169081775945,0.052335956242943966,-0.35836794954530027,-0.08715574274765824,-0.13917310096006535,0.7071067811865476,-0.9975640502598242,-0.9510565162951536,0.984807753012208,0.788010753606722,-0.9271838545667874,-0.9945218953682733,-0.9781476007338056,-0.9986295347545738,-0.9335804264972017,-0.9961946980917455,-0.9902680687415704
165,0.0,-86.0,-88.0,-90.0,87.0,-62.0,-84.0,-78.0,-87.0,-112.0,-97.0,-96.0,1.0,0.06975647374412546,0.03489949670250108,6.123233995736766e-17,0.052335956242943966,0.46947156278589086,0.10452846326765346,0.20791169081775945,0.052335956242943966,-0.37460659341591207,-0.12186934340514737,-0.10452846326765333,0.0,-0.9975640502598242,-0.9993908270190958,-1.0,0.9986295347545738,-0.8829475928589269,-0.9945218953682733,-0.9781476007338056,-0.9986295347545738,-0.9271838545667874,-0.9925461516413221,-0.9945218953682734
166,45.0,-88.0,-113.0,80.0,52.0,-66.0,-86.0,-79.0,-87.0,-115.0,-94.0,-96.0,0.7071067811865476,0.03489949670250108,-0.3907311284892736,0.17364817766693041,0.6156614753256583,0.4067366430758002,0.06975647374412546,0.19080899537654492,0.052335956242943966,-0.42261826174069933,-0.06975647374412533,-0.10452846326765333,0.7071067811865476,-0.9993908270190958,-0.9205048534524404,0.984807753012208,0.788010753606722,-0.9135454576426009,-0.9975640502598242,-0.981627183447664,-0.9986295347545738,-0.90630778703665,-0.9975640502598242,-0.9945218953682734
167,0.0,-90.0,-85.0,-90.0,-80.0,-68.0,-85.0,-79.0,-89.0,-113.0,-95.0,-96.0,1.0,6.123233995736766e-17,0.08715574274765814,6.123233995736766e-17,0.17364817766693041,0.37460659341591196,0.08715574274765814,0.19080899537654492,0.017452406437283376,-0.3907311284892736,-0.08715574274765824,-0.10452846326765333,0.0,-1.0,-0.9961946980917455,-1.0,-0.984807753012208,-0.9271838545667874,-0.9961946980917455,-0.981627183447664,-0.9998476951563913,-0.9205048534524404,-0.9961946980917455,-0.9945218953682734
168,27.0,-86.0,-87.0,79.0,87.0,-68.0,-83.0,-79.0,-89.0,-109.0,-97.0,-94.0,0.8910065241883679,0.06975647374412546,0.052335956242943966,0.19080899537654492,0.052335956242943966,0.37460659341591196,0.12186934340514749,0.19080899537654492,0.017452406437283376,-0.3255681544571564,-0.12186934340514737,-0.06975647374412533,0.45399049973954675,-0.9975640502598242,-0.9986295347545738,0.981627183447664,0.9986295347545738,-0.9271838545667874,-0.992546151641322,-0.981627183447664,-0.9998476951563913,-0.9455185755993168,-0.9925461516413221,-0.9975640502598242
169,180.0,-54.0,-108.0,75.0,82.0,-67.0,-85.0,-77.0,-89.0,-109.0,-97.0,-96.0,-1.0,0.5877852522924731,-0.30901699437494734,0.25881904510252074,0.1391731009600657,0.39073112848927394,0.08715574274765814,0.22495105434386492,0.017452406437283376,-0.3255681544571564,-0.12186934340514737,-0.10452846326765333,1.2246467991473532e-16,-0.8090169943749475,-0.9510565162951536,0.9659258262890683,0.9902680687415703,-0.9205048534524403,-0.9961946980917455,-0.9743700647852352,-0.9998476951563913,-0.9455185755993168,-0.9925461516413221,-0.9945218953682734
170,-18.0,79.0,103.0,-93.0,-90.0,-68.0,78.0,81.0,-89.0,-111.0,-95.0,-94.0,0.9510565162951535,0.19080899537654492,-0.2249510543438648,-0.05233595624294362,6.123233995736766e-17,0.37460659341591196,0.20791169081775945,0.15643446504023092,0.017452406437283376,-0.35836794954530027,-0.08715574274765824,-0.06975647374412533,-0.3090169943749474,0.981627183447664,0.9743700647852352,-0.9986295347545738,-1.0,-0.9271838545667874,0.9781476007338056,0.9876883405951378,-0.9998476951563913,-0.9335804264972017,-0.9961946980917455,-0.9975640502598242
